Lähdekansio;Tiedostonimi;Tunniste;Koko (KB);Luotu;Muokattu;Koko Tiedostopolku
Kesko vastaus 3.2.2026;.~lock.Huoltohistoria Excel.xlsx#;.xlsx#;0.1;2026-03-22 23:38:54;2026-03-20 16:39:40;C:\Users\HP\Desktop\Kesko vastaus 3.2.2026\.~lock.Huoltohistoria Excel.xlsx#
Kesko vastaus 3.2.2026;9952770c-3a65-4b93-b618-9e1b1e474aff-001_inquiry-3142967110339410666.pdf;.pdf;1007.06;2025-06-17 07:39:08;2025-06-17 12:05:37;C:\Users\HP\Desktop\Kesko vastaus 3.2.2026\9952770c-3a65-4b93-b618-9e1b1e474aff-001_inquiry-3142967110339410666.pdf
Kesko vastaus 3.2.2026;Asiakastiedot Kaprio K-Auto asiakkaat (1).pdf;.pdf;116.73;2026-02-03 10:55:50;2026-02-03 10:55:52;C:\Users\HP\Desktop\Kesko vastaus 3.2.2026\Asiakastiedot Kaprio K-Auto asiakkaat (1).pdf
Kesko vastaus 3.2.2026;Asiakastiedot Kaprio K-Auto asiakkaat.pdf;.pdf;116.73;2026-03-22 23:38:54;2026-03-12 15:45:42;C:\Users\HP\Desktop\Kesko vastaus 3.2.2026\Asiakastiedot Kaprio K-Auto asiakkaat.pdf
Kesko vastaus 3.2.2026;Asiakastiedot Kaprio K-Auto Keskitetty asiakastietokanta 3.2.2026.pdf;.pdf;254.37;2026-02-03 10:56:04;2026-02-03 10:56:06;C:\Users\HP\Desktop\Kesko vastaus 3.2.2026\Asiakastiedot Kaprio K-Auto Keskitetty asiakastietokanta 3.2.2026.pdf
Kesko vastaus 3.2.2026;Asiakastiedot Kaprio K-Auto Retail asiakastietokanta.pdf;.pdf;134.66;2026-02-03 10:56:13;2026-02-03 10:56:15;C:\Users\HP\Desktop\Kesko vastaus 3.2.2026\Asiakastiedot Kaprio K-Auto Retail asiakastietokanta.pdf
Kesko vastaus 3.2.2026;AUDI 15.2.2025 ja vikailmoitus.jpg;.jpg;104.43;2026-02-04 15:48:44;2026-02-04 15:48:45;C:\Users\HP\Desktop\Kesko vastaus 3.2.2026\AUDI 15.2.2025 ja vikailmoitus.jpg
Kesko vastaus 3.2.2026;Audi AG 200 sivua.pdf;.pdf;1007.06;2026-02-04 16:06:28;2026-02-04 16:06:30;C:\Users\HP\Desktop\Kesko vastaus 3.2.2026\Audi AG 200 sivua.pdf
Kesko vastaus 3.2.2026;AUDI AG ja tiedonluovutus Suomeen.png;.png;182.95;2026-03-22 20:00:15;2026-03-22 20:00:16;C:\Users\HP\Desktop\Kesko vastaus 3.2.2026\AUDI AG ja tiedonluovutus Suomeen.png
Kesko vastaus 3.2.2026;Audi AG.pdf;.pdf;1007.06;2025-06-17 12:28:05;2025-06-17 12:05:37;C:\Users\HP\Desktop\Kesko vastaus 3.2.2026\Audi AG.pdf
Kesko vastaus 3.2.2026;AUDI ja Poliisi rikosolmoitus Kirjallinen_vahvistus (1).pdf;.pdf;1.94;2026-03-22 13:55:04;2026-03-22 13:55:06;C:\Users\HP\Desktop\Kesko vastaus 3.2.2026\AUDI ja Poliisi rikosolmoitus Kirjallinen_vahvistus (1).pdf
Kesko vastaus 3.2.2026;AudiCaseHarvester.zip;.zip;185991.28;2026-03-23 11:11:49;2026-03-23 11:12:05;C:\Users\HP\Desktop\Kesko vastaus 3.2.2026\AudiCaseHarvester.zip
Kesko vastaus 3.2.2026;boot.ps1;.ps1;4.52;2026-03-22 22:38:54;2026-03-22 22:39:34;C:\Users\HP\Desktop\Kesko vastaus 3.2.2026\boot.ps1
Kesko vastaus 3.2.2026;credentials.json;.json;0.46;2026-03-22 22:31:40;2026-03-22 22:31:41;C:\Users\HP\Desktop\Kesko vastaus 3.2.2026\credentials.json
Kesko vastaus 3.2.2026;CRM-tiketit, lukuohje.docx;.docx;71.47;2026-03-22 23:38:54;2026-03-12 15:48:00;C:\Users\HP\Desktop\Kesko vastaus 3.2.2026\CRM-tiketit, lukuohje.docx
Kesko vastaus 3.2.2026;deep_scan.py;.py;2.08;2026-03-22 23:46:38;2026-03-22 23:46:38;C:\Users\HP\Desktop\Kesko vastaus 3.2.2026\deep_scan.py
Kesko vastaus 3.2.2026;Fennia ja hinaus RZS-139.pdf;.pdf;14.41;2026-02-04 16:40:20;2026-02-04 16:40:21;C:\Users\HP\Desktop\Kesko vastaus 3.2.2026\Fennia ja hinaus RZS-139.pdf
Kesko vastaus 3.2.2026;fetch_data.py;.py;3.15;2026-03-22 22:44:18;2026-03-22 23:39:42;C:\Users\HP\Desktop\Kesko vastaus 3.2.2026\fetch_data.py
Kesko vastaus 3.2.2026;Henkilötietojasi koskeva toimenpidepyyntö on käsitelty-tietosuojapalvelu@kesko.fi.txt;.txt;1.78;2026-03-22 23:38:54;2026-03-12 15:48:38;C:\Users\HP\Desktop\Kesko vastaus 3.2.2026\Henkilötietojasi koskeva toimenpidepyyntö on käsitelty-tietosuojapalvelu@kesko.fi.txt
Kesko vastaus 3.2.2026;Huoltohistoria Excel.xlsx;.xlsx;33.46;2026-02-03 10:56:40;2026-02-03 10:56:42;C:\Users\HP\Desktop\Kesko vastaus 3.2.2026\Huoltohistoria Excel.xlsx
Kesko vastaus 3.2.2026;image_breach.py;.py;2.71;2026-03-22 23:57:09;2026-03-22 23:58:03;C:\Users\HP\Desktop\Kesko vastaus 3.2.2026\image_breach.py
Kesko vastaus 3.2.2026;Johann ALi & Vastaus 3.jpeg;.jpeg;90.49;2026-02-07 11:11:18;2026-02-07 11:11:19;C:\Users\HP\Desktop\Kesko vastaus 3.2.2026\Johann ALi & Vastaus 3.jpeg
Kesko vastaus 3.2.2026;Johanna Ali & vastaus 2.jpeg;.jpeg;102.91;2026-02-07 11:10:57;2026-02-07 11:10:58;C:\Users\HP\Desktop\Kesko vastaus 3.2.2026\Johanna Ali & vastaus 2.jpeg
Kesko vastaus 3.2.2026;Johanna Ali & vastaus 20.1.2025.jpeg;.jpeg;78.5;2026-02-07 11:04:43;2026-02-07 11:04:44;C:\Users\HP\Desktop\Kesko vastaus 3.2.2026\Johanna Ali & vastaus 20.1.2025.jpeg
Kesko vastaus 3.2.2026;K Auto Retail Oy asiakasrekisteri tietosuojaseloste.pdf;.pdf;240.77;2026-02-03 10:57:42;2026-02-03 10:57:44;C:\Users\HP\Desktop\Kesko vastaus 3.2.2026\K Auto Retail Oy asiakasrekisteri tietosuojaseloste.pdf
Kesko vastaus 3.2.2026;K-Auto Asiakasrekisteri tietosuojaseloste.pdf;.pdf;223.53;2026-02-03 10:56:55;2026-02-03 10:56:57;C:\Users\HP\Desktop\Kesko vastaus 3.2.2026\K-Auto Asiakasrekisteri tietosuojaseloste.pdf
Kesko vastaus 3.2.2026;K-Auto keskitetty asiakastietokanta tietosuojaseloste.pdf;.pdf;174.42;2026-02-03 10:57:30;2026-02-03 10:57:32;C:\Users\HP\Desktop\Kesko vastaus 3.2.2026\K-Auto keskitetty asiakastietokanta tietosuojaseloste.pdf
Kesko vastaus 3.2.2026;Kauppakirja Rami´s Auto.pdf;.pdf;114.46;2026-03-22 15:00:20;2026-03-22 15:00:22;C:\Users\HP\Desktop\Kesko vastaus 3.2.2026\Kauppakirja Rami´s Auto.pdf
Kesko vastaus 3.2.2026;Kesko ja Harri Spolander viimeinen varoitusviesti.png;.png;261.63;2026-03-22 19:32:35;2026-03-22 19:32:36;C:\Users\HP\Desktop\Kesko vastaus 3.2.2026\Kesko ja Harri Spolander viimeinen varoitusviesti.png
Kesko vastaus 3.2.2026;Kesko ja tietopyynnön vastaus 3 Helmikuuta.txt;.txt;4.12;2026-02-03 10:59:39;2026-02-03 10:59:40;C:\Users\HP\Desktop\Kesko vastaus 3.2.2026\Kesko ja tietopyynnön vastaus 3 Helmikuuta.txt
Kesko vastaus 3.2.2026;korjaukseen liittyvä viestintä.pdf;.pdf;190.72;2026-03-22 23:38:54;2026-03-12 15:47:38;C:\Users\HP\Desktop\Kesko vastaus 3.2.2026\korjaukseen liittyvä viestintä.pdf
Kesko vastaus 3.2.2026;Kuva 1, korjauskustannus 45 000 1.3.2023 huollosta.png;.png;45.57;2026-02-04 15:50:36;2026-02-04 15:50:37;C:\Users\HP\Desktop\Kesko vastaus 3.2.2026\Kuva 1, korjauskustannus 45 000 1.3.2023 huollosta.png
Kesko vastaus 3.2.2026;Kuva korjaamokeskustelusta.png;.png;1066.54;2026-03-22 23:38:54;2026-03-12 16:17:18;C:\Users\HP\Desktop\Kesko vastaus 3.2.2026\Kuva korjaamokeskustelusta.png
Kesko vastaus 3.2.2026;kysymys takuun laajuudesta.pdf;.pdf;51.03;2026-03-22 23:38:54;2026-03-12 15:47:48;C:\Users\HP\Desktop\Kesko vastaus 3.2.2026\kysymys takuun laajuudesta.pdf
Kesko vastaus 3.2.2026;Lasku käsirahasta.pdf;.pdf;86.27;2026-03-22 15:00:07;2026-03-22 15:00:09;C:\Users\HP\Desktop\Kesko vastaus 3.2.2026\Lasku käsirahasta.pdf
Kesko vastaus 3.2.2026;Markus Kaprio Koko CRM historia pdf.pdf;.pdf;6261.14;2026-03-22 23:38:55;2026-03-12 15:47:25;C:\Users\HP\Desktop\Kesko vastaus 3.2.2026\Markus Kaprio Koko CRM historia pdf.pdf
Kesko vastaus 3.2.2026;MarkusKaprio_KeskoReklamaatio_4_8_2025.pdf;.pdf;634.15;2026-02-04 16:00:55;2026-02-04 16:00:56;C:\Users\HP\Desktop\Kesko vastaus 3.2.2026\MarkusKaprio_KeskoReklamaatio_4_8_2025.pdf
Kesko vastaus 3.2.2026;Master_Index.csv;.csv;118.28;2026-03-23 13:39:42;2026-03-23 13:44:39;C:\Users\HP\Desktop\Kesko vastaus 3.2.2026\Master_Index.csv
Kesko vastaus 3.2.2026;Norrlands Bil ja Audi mobiili-appi korjaamon pihalla 10.16.27.jpeg;.jpeg;87.94;2026-03-23 10:17:20;2026-03-23 10:17:23;C:\Users\HP\Desktop\Kesko vastaus 3.2.2026\Norrlands Bil ja Audi mobiili-appi korjaamon pihalla 10.16.27.jpeg
Kesko vastaus 3.2.2026;Norrlands Bil ja ohjattu vianetsintä + Pörhön ODIS osa 2.pdf;.pdf;103.96;2026-03-23 10:01:51;2026-03-23 10:01:54;C:\Users\HP\Desktop\Kesko vastaus 3.2.2026\Norrlands Bil ja ohjattu vianetsintä + Pörhön ODIS osa 2.pdf
Kesko vastaus 3.2.2026;Norrlands Bil ja ohjattu vianetsintä + Pörhön ODIS.pdf;.pdf;967.6;2026-03-23 10:00:14;2026-03-23 10:00:16;C:\Users\HP\Desktop\Kesko vastaus 3.2.2026\Norrlands Bil ja ohjattu vianetsintä + Pörhön ODIS.pdf
Kesko vastaus 3.2.2026;omega_scan.py;.py;2.01;2026-03-22 23:51:36;2026-03-22 23:51:36;C:\Users\HP\Desktop\Kesko vastaus 3.2.2026\omega_scan.py
Kesko vastaus 3.2.2026;Porho_Tietopyynto_Vastaus.pdf;.pdf;2.99;2026-03-22 14:36:33;2026-03-22 14:36:35;C:\Users\HP\Desktop\Kesko vastaus 3.2.2026\Porho_Tietopyynto_Vastaus.pdf
Kesko vastaus 3.2.2026;PV - WAUZZZ4M4JD052978.pdf;.pdf;796.68;2026-03-18 14:53:53;2026-03-18 14:53:54;C:\Users\HP\Desktop\Kesko vastaus 3.2.2026\PV - WAUZZZ4M4JD052978.pdf
Kesko vastaus 3.2.2026;päätös.pdf;.pdf;7.94;2026-03-22 13:53:53;2026-03-22 13:53:55;C:\Users\HP\Desktop\Kesko vastaus 3.2.2026\päätös.pdf
Kesko vastaus 3.2.2026;PÖRHÖ ja testeri-mittaus 5.2.2025.jpg;.jpg;242.23;2026-02-04 15:49:28;2026-02-04 15:49:29;C:\Users\HP\Desktop\Kesko vastaus 3.2.2026\PÖRHÖ ja testeri-mittaus 5.2.2025.jpg
Kesko vastaus 3.2.2026;PÖRHÖ Tietopyyntö 27 Hel.pdf;.pdf;42.13;2026-02-04 15:57:13;2026-02-04 15:57:15;C:\Users\HP\Desktop\Kesko vastaus 3.2.2026\PÖRHÖ Tietopyyntö 27 Hel.pdf
Kesko vastaus 3.2.2026;Riitta Pörhö ja Pörhö harhautusviesti.png;.png;175.98;2026-03-22 19:23:15;2026-03-22 19:23:17;C:\Users\HP\Desktop\Kesko vastaus 3.2.2026\Riitta Pörhö ja Pörhö harhautusviesti.png
Kesko vastaus 3.2.2026;RISKILIITE_syvapurkaus_AudiQ7.pdf;.pdf;3.35;2026-02-04 16:31:31;2026-02-04 16:31:32;C:\Users\HP\Desktop\Kesko vastaus 3.2.2026\RISKILIITE_syvapurkaus_AudiQ7.pdf
Kesko vastaus 3.2.2026;Santander Osamaksutiedot.pdf;.pdf;88.67;2026-03-22 14:59:38;2026-03-22 14:59:40;C:\Users\HP\Desktop\Kesko vastaus 3.2.2026\Santander Osamaksutiedot.pdf
Kesko vastaus 3.2.2026;Santander Osamaksutiedot2.pdf;.pdf;143.52;2026-03-22 14:59:56;2026-03-22 14:59:58;C:\Users\HP\Desktop\Kesko vastaus 3.2.2026\Santander Osamaksutiedot2.pdf
Kesko vastaus 3.2.2026;siirtopyyntö ajoneuvo Pörhö ja Ari Palosaari.pdf;.pdf;24.17;2026-03-22 23:38:55;2026-03-22 19:01:34;C:\Users\HP\Desktop\Kesko vastaus 3.2.2026\siirtopyyntö ajoneuvo Pörhö ja Ari Palosaari.pdf
Kesko vastaus 3.2.2026;Tarjous Rami´s auto, Pasanen.pdf;.pdf;171.72;2026-03-22 14:59:09;2026-03-22 14:59:11;C:\Users\HP\Desktop\Kesko vastaus 3.2.2026\Tarjous Rami´s auto, Pasanen.pdf
Kesko vastaus 3.2.2026;Tietojen luovutus AUDI AG suomeen.png;.png;183.66;2026-03-22 20:03:56;2026-03-22 20:03:58;C:\Users\HP\Desktop\Kesko vastaus 3.2.2026\Tietojen luovutus AUDI AG suomeen.png
Kesko vastaus 3.2.2026;Tietosuojaportaalin tietosuojaseloste.pdf;.pdf;163.56;2026-02-03 10:57:52;2026-02-03 10:57:54;C:\Users\HP\Desktop\Kesko vastaus 3.2.2026\Tietosuojaportaalin tietosuojaseloste.pdf
Kesko vastaus 3.2.2026;token.pickle;.pickle;1.01;2026-03-22 23:31:28;2026-03-22 23:31:28;C:\Users\HP\Desktop\Kesko vastaus 3.2.2026\token.pickle
Kesko vastaus 3.2.2026;tuloste_virkaapu SANTANDER.pdf;.pdf;195.83;2026-03-22 15:09:25;2026-03-22 15:09:27;C:\Users\HP\Desktop\Kesko vastaus 3.2.2026\tuloste_virkaapu SANTANDER.pdf
Kesko vastaus 3.2.2026;Vastaus Pörhö Autoliike Oy 27.2.2025.pdf;.pdf;31.22;2026-03-22 23:38:55;2026-03-22 18:44:50;C:\Users\HP\Desktop\Kesko vastaus 3.2.2026\Vastaus Pörhö Autoliike Oy 27.2.2025.pdf
Kesko vastaus 3.2.2026;XLS Opener Installer (1).exe;.exe;1086.06;2026-02-03 11:02:09;2026-02-03 11:02:10;C:\Users\HP\Desktop\Kesko vastaus 3.2.2026\XLS Opener Installer (1).exe
Kesko vastaus 3.2.2026;2022-02-24_13-58_Par_Re RZS-139 WAUZZZ4M4JD052978.eml;.eml;3.41;2026-03-23 13:43:46;2026-03-23 13:45:55;C:\Users\HP\Desktop\Kesko vastaus 3.2.2026\Chronological_Logs\2022-02-24_13-58_Par_Re RZS-139 WAUZZZ4M4JD052978.eml
Kesko vastaus 3.2.2026;2022-03-18_11-56_Par_Re RZS-139  WAUZZZ4M4JD052978.eml;.eml;45.76;2026-03-23 13:43:46;2026-03-23 13:45:55;C:\Users\HP\Desktop\Kesko vastaus 3.2.2026\Chronological_Logs\2022-03-18_11-56_Par_Re RZS-139  WAUZZZ4M4JD052978.eml
Kesko vastaus 3.2.2026;2022-03-22_16-51_Par_Fwd VS RZS-139  WAUZZZ4M4JD052978.eml;.eml;10.71;2026-03-23 13:43:46;2026-03-23 13:45:54;C:\Users\HP\Desktop\Kesko vastaus 3.2.2026\Chronological_Logs\2022-03-22_16-51_Par_Fwd VS RZS-139  WAUZZZ4M4JD052978.eml
Kesko vastaus 3.2.2026;2022-03-23_06-43_Par_Re VS RZS-139  WAUZZZ4M4JD052978.eml;.eml;601.43;2026-03-23 13:43:46;2026-03-23 13:45:54;C:\Users\HP\Desktop\Kesko vastaus 3.2.2026\Chronological_Logs\2022-03-23_06-43_Par_Re VS RZS-139  WAUZZZ4M4JD052978.eml
Kesko vastaus 3.2.2026;2022-03-23_16-31_Par_Fwd VS VS RZS-139  WAUZZZ4M4JD052978.eml;.eml;23.12;2026-03-23 13:43:46;2026-03-23 13:45:54;C:\Users\HP\Desktop\Kesko vastaus 3.2.2026\Chronological_Logs\2022-03-23_16-31_Par_Fwd VS VS RZS-139  WAUZZZ4M4JD052978.eml
Kesko vastaus 3.2.2026;2022-03-23_17-02_Par_Re Fwd VS VS RZS-139  WAUZZZ4M4JD052978.eml;.eml;23.93;2026-03-23 13:43:46;2026-03-23 13:45:54;C:\Users\HP\Desktop\Kesko vastaus 3.2.2026\Chronological_Logs\2022-03-23_17-02_Par_Re Fwd VS VS RZS-139  WAUZZZ4M4JD052978.eml
Kesko vastaus 3.2.2026;2022-03-23_17-04_Par_Re VS VS RZS-139  WAUZZZ4M4JD052978.eml;.eml;24.04;2026-03-23 13:43:46;2026-03-23 13:45:54;C:\Users\HP\Desktop\Kesko vastaus 3.2.2026\Chronological_Logs\2022-03-23_17-04_Par_Re VS VS RZS-139  WAUZZZ4M4JD052978.eml
Kesko vastaus 3.2.2026;2022-03-28_10-23_Par_Fwd VS VS VS RZS-139  WAUZZZ4M4JD052978.eml;.eml;32.79;2026-03-23 13:43:46;2026-03-23 13:45:54;C:\Users\HP\Desktop\Kesko vastaus 3.2.2026\Chronological_Logs\2022-03-28_10-23_Par_Fwd VS VS VS RZS-139  WAUZZZ4M4JD052978.eml
Kesko vastaus 3.2.2026;2023-11-08_16-02_Par_Re Konsulttivastuu vai varallisuusvastuu vai ei ku.eml;.eml;1232.34;2026-03-23 13:43:57;2026-03-23 13:45:53;C:\Users\HP\Desktop\Kesko vastaus 3.2.2026\Chronological_Logs\2023-11-08_16-02_Par_Re Konsulttivastuu vai varallisuusvastuu vai ei ku.eml
Kesko vastaus 3.2.2026;2023-12-18_11-31_Par_Upcoming Scrum.org Webcasts.eml;.eml;51.04;2026-03-23 13:42:59;2026-03-23 13:43:06;C:\Users\HP\Desktop\Kesko vastaus 3.2.2026\Chronological_Logs\2023-12-18_11-31_Par_Upcoming Scrum.org Webcasts.eml
Kesko vastaus 3.2.2026;2024-02-26_18-14_Par_Re Rahoitussopimus.eml;.eml;2.24;2026-03-23 13:44:05;2026-03-23 13:45:53;C:\Users\HP\Desktop\Kesko vastaus 3.2.2026\Chronological_Logs\2024-02-26_18-14_Par_Re Rahoitussopimus.eml
Kesko vastaus 3.2.2026;2024-11-27_14-57_Par_Re Laskusta 8279795.eml;.eml;6.37;2026-03-23 13:44:07;2026-03-23 13:45:53;C:\Users\HP\Desktop\Kesko vastaus 3.2.2026\Chronological_Logs\2024-11-27_14-57_Par_Re Laskusta 8279795.eml
Kesko vastaus 3.2.2026;2024-11-27_15-07_Par_Re Laskusta 8279795.eml;.eml;9.64;2026-03-23 13:44:07;2026-03-23 13:45:53;C:\Users\HP\Desktop\Kesko vastaus 3.2.2026\Chronological_Logs\2024-11-27_15-07_Par_Re Laskusta 8279795.eml
Kesko vastaus 3.2.2026;2024-11-27_15-23_Par_Re Laskusta 8279795.eml;.eml;13.05;2026-03-23 13:44:07;2026-03-23 13:45:53;C:\Users\HP\Desktop\Kesko vastaus 3.2.2026\Chronological_Logs\2024-11-27_15-23_Par_Re Laskusta 8279795.eml
Kesko vastaus 3.2.2026;2024-11-28_10-17_Par_Re Laskusta 8279795.eml;.eml;13.32;2026-03-23 13:44:07;2026-03-23 13:45:53;C:\Users\HP\Desktop\Kesko vastaus 3.2.2026\Chronological_Logs\2024-11-28_10-17_Par_Re Laskusta 8279795.eml
Kesko vastaus 3.2.2026;2024-11-28_10-26_Par_Re Laskusta 8279795.eml;.eml;16.82;2026-03-23 13:44:07;2026-03-23 13:45:53;C:\Users\HP\Desktop\Kesko vastaus 3.2.2026\Chronological_Logs\2024-11-28_10-26_Par_Re Laskusta 8279795.eml
Kesko vastaus 3.2.2026;2024-12-12_09-43_Par_Re Laskusta 8279795.eml;.eml;54.7;2026-03-23 13:44:07;2026-03-23 13:45:52;C:\Users\HP\Desktop\Kesko vastaus 3.2.2026\Chronological_Logs\2024-12-12_09-43_Par_Re Laskusta 8279795.eml
Kesko vastaus 3.2.2026;2024-12-12_18-11_Par_Re Laskusta 8279795.eml;.eml;66.36;2026-03-23 13:44:07;2026-03-23 13:45:52;C:\Users\HP\Desktop\Kesko vastaus 3.2.2026\Chronological_Logs\2024-12-12_18-11_Par_Re Laskusta 8279795.eml
Kesko vastaus 3.2.2026;2024-12-13_07-39_Par_Re Laskusta 8279795.eml;.eml;78.0;2026-03-23 13:44:07;2026-03-23 13:45:52;C:\Users\HP\Desktop\Kesko vastaus 3.2.2026\Chronological_Logs\2024-12-13_07-39_Par_Re Laskusta 8279795.eml
Kesko vastaus 3.2.2026;2024-12-13_10-22_Par_Re Laskusta 8279795.eml;.eml;27.53;2026-03-23 13:44:07;2026-03-23 13:45:52;C:\Users\HP\Desktop\Kesko vastaus 3.2.2026\Chronological_Logs\2024-12-13_10-22_Par_Re Laskusta 8279795.eml
Kesko vastaus 3.2.2026;2024-12-13_10-33_Par_Re Laskusta 8279795.eml;.eml;31.84;2026-03-23 13:44:07;2026-03-23 13:45:52;C:\Users\HP\Desktop\Kesko vastaus 3.2.2026\Chronological_Logs\2024-12-13_10-33_Par_Re Laskusta 8279795.eml
Kesko vastaus 3.2.2026;2025-01-16_17-18_Par_Reklamaatio Keminmaan Pörhön huollosta sekä laskus.eml;.eml;2031.03;2026-03-23 13:44:08;2026-03-23 13:45:52;C:\Users\HP\Desktop\Kesko vastaus 3.2.2026\Chronological_Logs\2025-01-16_17-18_Par_Reklamaatio Keminmaan Pörhön huollosta sekä laskus.eml
Kesko vastaus 3.2.2026;2025-01-17_15-35_Par_Re Reklamaatio.eml;.eml;6.65;2026-03-23 13:44:08;2026-03-23 13:45:52;C:\Users\HP\Desktop\Kesko vastaus 3.2.2026\Chronological_Logs\2025-01-17_15-35_Par_Re Reklamaatio.eml
Kesko vastaus 3.2.2026;2025-01-31_11-59_Par_Re Yhteystiedot reklamaatiota varten CRM0188039.eml;.eml;1.46;2026-03-23 13:44:08;2026-03-23 13:45:52;C:\Users\HP\Desktop\Kesko vastaus 3.2.2026\Chronological_Logs\2025-01-31_11-59_Par_Re Yhteystiedot reklamaatiota varten CRM0188039.eml
Kesko vastaus 3.2.2026;2025-02-05_17-04_Par_Letter of Complaint  Severe Manufacturing Defect a.eml;.eml;4.99;2026-03-23 13:44:09;2026-03-23 13:45:52;C:\Users\HP\Desktop\Kesko vastaus 3.2.2026\Chronological_Logs\2025-02-05_17-04_Par_Letter of Complaint  Severe Manufacturing Defect a.eml
Kesko vastaus 3.2.2026;2025-02-06_10-38_Par_Re Reklamaatio.eml;.eml;14.29;2026-03-23 13:44:09;2026-03-23 13:45:52;C:\Users\HP\Desktop\Kesko vastaus 3.2.2026\Chronological_Logs\2025-02-06_10-38_Par_Re Reklamaatio.eml
Kesko vastaus 3.2.2026;2025-02-11_11-08_Par_WAUZZZ4M4JD052978 CRM0188075.eml;.eml;29.94;2026-03-23 13:42:50;2026-03-23 13:43:11;C:\Users\HP\Desktop\Kesko vastaus 3.2.2026\Chronological_Logs\2025-02-11_11-08_Par_WAUZZZ4M4JD052978 CRM0188075.eml
Kesko vastaus 3.2.2026;2025-02-11_11-46_Par_VS Re WAUZZZ4M4JD052978 CRM0188075.eml;.eml;48.84;2026-03-23 13:42:50;2026-03-23 13:43:10;C:\Users\HP\Desktop\Kesko vastaus 3.2.2026\Chronological_Logs\2025-02-11_11-46_Par_VS Re WAUZZZ4M4JD052978 CRM0188075.eml
Kesko vastaus 3.2.2026;2025-02-11_12-19_Par_VS Re VS Re WAUZZZ4M4JD052978 CRM0188075.eml;.eml;70.86;2026-03-23 13:42:50;2026-03-23 13:43:10;C:\Users\HP\Desktop\Kesko vastaus 3.2.2026\Chronological_Logs\2025-02-11_12-19_Par_VS Re VS Re WAUZZZ4M4JD052978 CRM0188075.eml
Kesko vastaus 3.2.2026;2025-02-11_13-37_Par_Re WAUZZZ4M4JD052978 CRM0188075.eml;.eml;3.43;2026-03-23 13:44:09;2026-03-23 13:44:14;C:\Users\HP\Desktop\Kesko vastaus 3.2.2026\Chronological_Logs\2025-02-11_13-37_Par_Re WAUZZZ4M4JD052978 CRM0188075.eml
Kesko vastaus 3.2.2026;2025-02-11_14-02_Par_Re VS Re WAUZZZ4M4JD052978 CRM0188075.eml;.eml;10.62;2026-03-23 13:44:09;2026-03-23 13:44:13;C:\Users\HP\Desktop\Kesko vastaus 3.2.2026\Chronological_Logs\2025-02-11_14-02_Par_Re VS Re WAUZZZ4M4JD052978 CRM0188075.eml
Kesko vastaus 3.2.2026;2025-02-11_14-20_Par_Re VS Re VS Re WAUZZZ4M4JD052978 CRM0188075.eml;.eml;14.13;2026-03-23 13:44:09;2026-03-23 13:44:13;C:\Users\HP\Desktop\Kesko vastaus 3.2.2026\Chronological_Logs\2025-02-11_14-20_Par_Re VS Re VS Re WAUZZZ4M4JD052978 CRM0188075.eml
Kesko vastaus 3.2.2026;2025-02-11_15-27_Par_Re VS Re WAUZZZ4M4JD052978 CRM0188075.eml;.eml;14.62;2026-03-23 13:44:09;2026-03-23 13:44:13;C:\Users\HP\Desktop\Kesko vastaus 3.2.2026\Chronological_Logs\2025-02-11_15-27_Par_Re VS Re WAUZZZ4M4JD052978 CRM0188075.eml
Kesko vastaus 3.2.2026;2025-02-12_09-02_Par_VS Re VS Re WAUZZZ4M4JD052978 CRM0188075.eml;.eml;87.96;2026-03-23 13:42:50;2026-03-23 13:42:51;C:\Users\HP\Desktop\Kesko vastaus 3.2.2026\Chronological_Logs\2025-02-12_09-02_Par_VS Re VS Re WAUZZZ4M4JD052978 CRM0188075.eml
Kesko vastaus 3.2.2026;2025-02-12_09-31_Par_Re VS Re VS Re WAUZZZ4M4JD052978 CRM0188075.eml;.eml;61.7;2026-03-23 13:44:09;2026-03-23 13:44:13;C:\Users\HP\Desktop\Kesko vastaus 3.2.2026\Chronological_Logs\2025-02-12_09-31_Par_Re VS Re VS Re WAUZZZ4M4JD052978 CRM0188075.eml
Kesko vastaus 3.2.2026;2025-02-12_10-36_Par_VS Re VS Re VS Re WAUZZZ4M4JD052978 CRM0188075.eml;.eml;108.27;2026-03-23 13:42:50;2026-03-23 13:42:51;C:\Users\HP\Desktop\Kesko vastaus 3.2.2026\Chronological_Logs\2025-02-12_10-36_Par_VS Re VS Re VS Re WAUZZZ4M4JD052978 CRM0188075.eml
Kesko vastaus 3.2.2026;2025-02-12_13-12_Par_Re VS Re VS Re VS Re WAUZZZ4M4JD052978 CRM0188075.eml;.eml;24.87;2026-03-23 13:44:09;2026-03-23 13:44:13;C:\Users\HP\Desktop\Kesko vastaus 3.2.2026\Chronological_Logs\2025-02-12_13-12_Par_Re VS Re VS Re VS Re WAUZZZ4M4JD052978 CRM0188075.eml
Kesko vastaus 3.2.2026;2025-02-12_16-34_Par_Fwd Uusi viesti lomakkeesta Ota yhteyttä - porho.f.eml;.eml;25.03;2026-03-23 13:42:50;2026-03-23 13:42:51;C:\Users\HP\Desktop\Kesko vastaus 3.2.2026\Chronological_Logs\2025-02-12_16-34_Par_Fwd Uusi viesti lomakkeesta Ota yhteyttä - porho.f.eml
Kesko vastaus 3.2.2026;2025-02-12_17-04_Par_Re Fwd Uusi viesti lomakkeesta Ota yhteyttä - porh.eml;.eml;8.3;2026-03-23 13:44:09;2026-03-23 13:44:13;C:\Users\HP\Desktop\Kesko vastaus 3.2.2026\Chronological_Logs\2025-02-12_17-04_Par_Re Fwd Uusi viesti lomakkeesta Ota yhteyttä - porh.eml
Kesko vastaus 3.2.2026;2025-02-12_17-23_Par_Re VS Re VS Re VS Re WAUZZZ4M4JD052978 CRM0188075.eml;.eml;23.2;2026-03-23 13:44:09;2026-03-23 13:44:13;C:\Users\HP\Desktop\Kesko vastaus 3.2.2026\Chronological_Logs\2025-02-12_17-23_Par_Re VS Re VS Re VS Re WAUZZZ4M4JD052978 CRM0188075.eml
Kesko vastaus 3.2.2026;2025-02-13_11-01_Par_Upodate from Finland Audi Q7 e-tron VIN WAUZZZ4M4J.eml;.eml;4.95;2026-03-23 13:44:09;2026-03-23 13:44:13;C:\Users\HP\Desktop\Kesko vastaus 3.2.2026\Chronological_Logs\2025-02-13_11-01_Par_Upodate from Finland Audi Q7 e-tron VIN WAUZZZ4M4J.eml
Kesko vastaus 3.2.2026;2025-02-13_11-21_Par_Päivän postia Audille Saksaan....eml;.eml;4.4;2026-03-23 13:44:09;2026-03-23 13:44:13;C:\Users\HP\Desktop\Kesko vastaus 3.2.2026\Chronological_Logs\2025-02-13_11-21_Par_Päivän postia Audille Saksaan....eml
Kesko vastaus 3.2.2026;2025-02-16_12-31_Par_Urgent Update    Audi Q7 e-tron VIN WAUZZZ4M4JD052.eml;.eml;200.69;2026-03-23 13:44:09;2026-03-23 13:44:13;C:\Users\HP\Desktop\Kesko vastaus 3.2.2026\Chronological_Logs\2025-02-16_12-31_Par_Urgent Update    Audi Q7 e-tron VIN WAUZZZ4M4JD052.eml
Kesko vastaus 3.2.2026;2025-02-17_12-35_Par_Re Fwd Uusi viesti lomakkeesta Ota yhteyttä - porh.eml;.eml;36.57;2026-03-23 13:42:50;2026-03-23 13:42:51;C:\Users\HP\Desktop\Kesko vastaus 3.2.2026\Chronological_Logs\2025-02-17_12-35_Par_Re Fwd Uusi viesti lomakkeesta Ota yhteyttä - porh.eml
Kesko vastaus 3.2.2026;2025-02-17_12-55_Par_Re Fwd Uusi viesti lomakkeesta Ota yhteyttä - porh.eml;.eml;12.39;2026-03-23 13:44:09;2026-03-23 13:44:12;C:\Users\HP\Desktop\Kesko vastaus 3.2.2026\Chronological_Logs\2025-02-17_12-55_Par_Re Fwd Uusi viesti lomakkeesta Ota yhteyttä - porh.eml
Kesko vastaus 3.2.2026;2025-02-19_20-53_Par_Raportti tunnukselle WAUZZZ4M4JD052978 on valmis.eml;.eml;49.95;2026-03-23 13:42:50;2026-03-23 13:43:10;C:\Users\HP\Desktop\Kesko vastaus 3.2.2026\Chronological_Logs\2025-02-19_20-53_Par_Raportti tunnukselle WAUZZZ4M4JD052978 on valmis.eml
Kesko vastaus 3.2.2026;2025-02-20_11-21_Par_Re VS Re VS Re VS Re WAUZZZ4M4JD052978 CRM0188075.eml;.eml;22.26;2026-03-23 13:44:33;2026-03-23 13:44:56;C:\Users\HP\Desktop\Kesko vastaus 3.2.2026\Chronological_Logs\2025-02-20_11-21_Par_Re VS Re VS Re VS Re WAUZZZ4M4JD052978 CRM0188075.eml
Kesko vastaus 3.2.2026;2025-02-20_12-04_Par_Re VS Re VS Re VS Re WAUZZZ4M4JD052978 CRM0188075.eml;.eml;26.22;2026-03-23 13:44:13;2026-03-23 13:44:14;C:\Users\HP\Desktop\Kesko vastaus 3.2.2026\Chronological_Logs\2025-02-20_12-04_Par_Re VS Re VS Re VS Re WAUZZZ4M4JD052978 CRM0188075.eml
Kesko vastaus 3.2.2026;2025-02-21_09-53_Par_Pörhön Autoliikkeen vastuu Audi Q7 e-tron -ajoneuv.eml;.eml;5.47;2026-03-23 13:44:13;2026-03-23 13:44:14;C:\Users\HP\Desktop\Kesko vastaus 3.2.2026\Chronological_Logs\2025-02-21_09-53_Par_Pörhön Autoliikkeen vastuu Audi Q7 e-tron -ajoneuv.eml
Kesko vastaus 3.2.2026;2025-02-21_15-55_Par_Re Pörhön Autoliikkeen vastuu Audi Q7 e-tron -ajon.eml;.eml;12.59;2026-03-23 13:44:13;2026-03-23 13:44:14;C:\Users\HP\Desktop\Kesko vastaus 3.2.2026\Chronological_Logs\2025-02-21_15-55_Par_Re Pörhön Autoliikkeen vastuu Audi Q7 e-tron -ajon.eml
Kesko vastaus 3.2.2026;2025-02-21_17-59_Par_Urgent  Buy-Back Request for Audi Q7 e-tron  Ongoi.eml;.eml;4.17;2026-03-23 13:44:13;2026-03-23 13:44:14;C:\Users\HP\Desktop\Kesko vastaus 3.2.2026\Chronological_Logs\2025-02-21_17-59_Par_Urgent  Buy-Back Request for Audi Q7 e-tron  Ongoi.eml
Kesko vastaus 3.2.2026;2025-02-21_18-05_Par_Re Ihre Anfrage bei Audi vom 21.02.2025 Vorgangsnu.eml;.eml;2.26;2026-03-23 13:44:13;2026-03-23 13:44:14;C:\Users\HP\Desktop\Kesko vastaus 3.2.2026\Chronological_Logs\2025-02-21_18-05_Par_Re Ihre Anfrage bei Audi vom 21.02.2025 Vorgangsnu.eml
Kesko vastaus 3.2.2026;2025-02-21_18-52_Par_Viimeinen yritys  Buy-Back-ratkaisun toteutus Audi.eml;.eml;4.8;2026-03-23 13:44:13;2026-03-23 13:44:13;C:\Users\HP\Desktop\Kesko vastaus 3.2.2026\Chronological_Logs\2025-02-21_18-52_Par_Viimeinen yritys  Buy-Back-ratkaisun toteutus Audi.eml
Kesko vastaus 3.2.2026;2025-02-23_17-58_Par_Vakava rikkomus K-Auto Oyn toimitusjohtaja Johanna.eml;.eml;0.75;2026-03-23 13:44:33;2026-03-23 13:44:56;C:\Users\HP\Desktop\Kesko vastaus 3.2.2026\Chronological_Logs\2025-02-23_17-58_Par_Vakava rikkomus K-Auto Oyn toimitusjohtaja Johanna.eml
Kesko vastaus 3.2.2026;2025-02-23_19-04_Par_Valitus Johanna Alin toiminnasta  K-Auto Oy Corpor.eml;.eml;16423.48;2026-03-23 13:44:13;2026-03-23 13:44:16;C:\Users\HP\Desktop\Kesko vastaus 3.2.2026\Chronological_Logs\2025-02-23_19-04_Par_Valitus Johanna Alin toiminnasta  K-Auto Oy Corpor.eml
Kesko vastaus 3.2.2026;2025-02-24_14-13_Par_VS Valitus Johanna Alin toiminnasta  K-Auto Oy Cor.eml;.eml;17.88;2026-03-23 13:42:50;2026-03-23 13:43:10;C:\Users\HP\Desktop\Kesko vastaus 3.2.2026\Chronological_Logs\2025-02-24_14-13_Par_VS Valitus Johanna Alin toiminnasta  K-Auto Oy Cor.eml
Kesko vastaus 3.2.2026;2025-02-24_15-16_Par_Audi case raportti.eml;.eml;5.72;2026-03-23 13:42:57;2026-03-23 13:49:24;C:\Users\HP\Desktop\Kesko vastaus 3.2.2026\Chronological_Logs\2025-02-24_15-16_Par_Audi case raportti.eml
Kesko vastaus 3.2.2026;2025-02-24_16-04_Par_Fwd Valitus Johanna Alin toiminnasta  K-Auto Oy Co.eml;.eml;16423.86;2026-03-23 13:44:16;2026-03-23 13:45:51;C:\Users\HP\Desktop\Kesko vastaus 3.2.2026\Chronological_Logs\2025-02-24_16-04_Par_Fwd Valitus Johanna Alin toiminnasta  K-Auto Oy Co.eml
Kesko vastaus 3.2.2026;2025-02-24_16-10_Par_Tämänpäiväinen tapahtuma Pörhön Autoliike Oy Kemin.eml;.eml;2.43;2026-03-23 13:44:16;2026-03-23 13:45:50;C:\Users\HP\Desktop\Kesko vastaus 3.2.2026\Chronological_Logs\2025-02-24_16-10_Par_Tämänpäiväinen tapahtuma Pörhön Autoliike Oy Kemin.eml
Kesko vastaus 3.2.2026;2025-02-24_16-17_Par_Re VS Valitus Johanna Alin toiminnasta  K-Auto Oy .eml;.eml;9.39;2026-03-23 13:44:16;2026-03-23 13:45:50;C:\Users\HP\Desktop\Kesko vastaus 3.2.2026\Chronological_Logs\2025-02-24_16-17_Par_Re VS Valitus Johanna Alin toiminnasta  K-Auto Oy .eml
Kesko vastaus 3.2.2026;2025-02-25_10-59_Par_SpeakUp Sinulla on uusi viesti.eml;.eml;13.12;2026-03-23 13:42:50;2026-03-23 13:42:51;C:\Users\HP\Desktop\Kesko vastaus 3.2.2026\Chronological_Logs\2025-02-25_10-59_Par_SpeakUp Sinulla on uusi viesti.eml
Kesko vastaus 3.2.2026;2025-02-25_14-53_Par_RZS-139.eml;.eml;25.38;2026-03-23 13:42:50;2026-03-23 13:42:51;C:\Users\HP\Desktop\Kesko vastaus 3.2.2026\Chronological_Logs\2025-02-25_14-53_Par_RZS-139.eml
Kesko vastaus 3.2.2026;2025-02-25_15-01_Par_Re RZS-139.eml;.eml;4.85;2026-03-23 13:44:33;2026-03-23 13:44:56;C:\Users\HP\Desktop\Kesko vastaus 3.2.2026\Chronological_Logs\2025-02-25_15-01_Par_Re RZS-139.eml
Kesko vastaus 3.2.2026;2025-02-25_19-35_Par_Re RZS-139.eml;.eml;4.26;2026-03-23 13:44:16;2026-03-23 13:45:50;C:\Users\HP\Desktop\Kesko vastaus 3.2.2026\Chronological_Logs\2025-02-25_19-35_Par_Re RZS-139.eml
Kesko vastaus 3.2.2026;2025-02-26_12-09_Par_Re Ihr Audi Q7 e-tron.eml;.eml;6.18;2026-03-23 13:44:16;2026-03-23 13:45:50;C:\Users\HP\Desktop\Kesko vastaus 3.2.2026\Chronological_Logs\2025-02-26_12-09_Par_Re Ihr Audi Q7 e-tron.eml
Kesko vastaus 3.2.2026;2025-02-26_12-28_Par_Re Ihr Audi Q7 e-tron.eml;.eml;7.84;2026-03-23 13:44:16;2026-03-23 13:45:49;C:\Users\HP\Desktop\Kesko vastaus 3.2.2026\Chronological_Logs\2025-02-26_12-28_Par_Re Ihr Audi Q7 e-tron.eml
Kesko vastaus 3.2.2026;2025-02-27_09-10_Par_Re RZS-139.eml;.eml;4.43;2026-03-23 13:44:16;2026-03-23 13:45:49;C:\Users\HP\Desktop\Kesko vastaus 3.2.2026\Chronological_Logs\2025-02-27_09-10_Par_Re RZS-139.eml
Kesko vastaus 3.2.2026;2025-02-27_12-34_Par_Tietopyyntö Pörhön Autoliike Oy 27.2.2025.eml;.eml;58.31;2026-03-23 13:44:16;2026-03-23 13:45:49;C:\Users\HP\Desktop\Kesko vastaus 3.2.2026\Chronological_Logs\2025-02-27_12-34_Par_Tietopyyntö Pörhön Autoliike Oy 27.2.2025.eml
Kesko vastaus 3.2.2026;2025-02-27_14-59_Par_Fwd Tietopyyntö Pörhön Autoliike Oy 27.2.2025.eml;.eml;75.49;2026-03-23 13:42:56;2026-03-23 13:43:07;C:\Users\HP\Desktop\Kesko vastaus 3.2.2026\Chronological_Logs\2025-02-27_14-59_Par_Fwd Tietopyyntö Pörhön Autoliike Oy 27.2.2025.eml
Kesko vastaus 3.2.2026;2025-02-27_15-35_Par_Re Fwd Tietopyyntö Pörhön Autoliike Oy 27.2.2025.eml;.eml;47.84;2026-03-23 13:44:16;2026-03-23 13:45:49;C:\Users\HP\Desktop\Kesko vastaus 3.2.2026\Chronological_Logs\2025-02-27_15-35_Par_Re Fwd Tietopyyntö Pörhön Autoliike Oy 27.2.2025.eml
Kesko vastaus 3.2.2026;2025-03-03_20-40_Par_Päivitys Audi RZS-139 tilanteeseen  Kaprio.eml;.eml;5.45;2026-03-23 13:44:16;2026-03-23 13:45:49;C:\Users\HP\Desktop\Kesko vastaus 3.2.2026\Chronological_Logs\2025-03-03_20-40_Par_Päivitys Audi RZS-139 tilanteeseen  Kaprio.eml
Kesko vastaus 3.2.2026;2025-03-03_21-09_Par_Re Ihr Audi Q7 e-tron.eml;.eml;5.45;2026-03-23 13:44:16;2026-03-23 13:44:17;C:\Users\HP\Desktop\Kesko vastaus 3.2.2026\Chronological_Logs\2025-03-03_21-09_Par_Re Ihr Audi Q7 e-tron.eml
Kesko vastaus 3.2.2026;2025-03-04_13-15_Par_Re Päivitys Audi RZS-139 tilanteeseen  Kaprio.eml;.eml;46.6;2026-03-23 13:44:16;2026-03-23 13:44:17;C:\Users\HP\Desktop\Kesko vastaus 3.2.2026\Chronological_Logs\2025-03-04_13-15_Par_Re Päivitys Audi RZS-139 tilanteeseen  Kaprio.eml
Kesko vastaus 3.2.2026;2025-03-04_13-56_Par_Re Ihr Audi Q7 e-tron.eml;.eml;76.49;2026-03-23 13:44:17;2026-03-23 13:44:17;C:\Users\HP\Desktop\Kesko vastaus 3.2.2026\Chronological_Logs\2025-03-04_13-56_Par_Re Ihr Audi Q7 e-tron.eml
Kesko vastaus 3.2.2026;2025-03-04_14-34_Par_Re Päivitys Audi RZS-139 tilanteeseen  Kaprio.eml;.eml;43.83;2026-03-23 13:42:56;2026-03-23 13:43:07;C:\Users\HP\Desktop\Kesko vastaus 3.2.2026\Chronological_Logs\2025-03-04_14-34_Par_Re Päivitys Audi RZS-139 tilanteeseen  Kaprio.eml
Kesko vastaus 3.2.2026;2025-03-06_00-29_Par_Audi Q7 e-tron -tapauksen oikeudellinen tilanne ja.eml;.eml;4697.83;2026-03-23 13:44:17;2026-03-23 13:45:48;C:\Users\HP\Desktop\Kesko vastaus 3.2.2026\Chronological_Logs\2025-03-06_00-29_Par_Audi Q7 e-tron -tapauksen oikeudellinen tilanne ja.eml
Kesko vastaus 3.2.2026;2025-03-08_08-35_Par_Tärkeä uusi tieto Markus  Heidi Q7 e-Tron.eml;.eml;5.17;2026-03-23 13:44:17;2026-03-23 13:44:18;C:\Users\HP\Desktop\Kesko vastaus 3.2.2026\Chronological_Logs\2025-03-08_08-35_Par_Tärkeä uusi tieto Markus  Heidi Q7 e-Tron.eml
Kesko vastaus 3.2.2026;2025-03-08_17-59_Par_PörhöRiitta Pörhö vastaus 5.tietopyyntööni.eml;.eml;13.0;2026-03-23 13:44:17;2026-03-23 13:44:18;C:\Users\HP\Desktop\Kesko vastaus 3.2.2026\Chronological_Logs\2025-03-08_17-59_Par_PörhöRiitta Pörhö vastaus 5.tietopyyntööni.eml
Kesko vastaus 3.2.2026;2025-03-10_17-01_Par_Markus Kaprio - Täydennyspyyntö 12 materiaalille.eml;.eml;15899.76;2026-03-23 13:44:18;2026-03-23 13:45:46;C:\Users\HP\Desktop\Kesko vastaus 3.2.2026\Chronological_Logs\2025-03-10_17-01_Par_Markus Kaprio - Täydennyspyyntö 12 materiaalille.eml
Kesko vastaus 3.2.2026;2025-03-10_17-17_Par_Kesko Oyj Harri Spolanderin viralliset kommentit j.eml;.eml;261.32;2026-03-23 13:44:19;2026-03-23 13:45:44;C:\Users\HP\Desktop\Kesko vastaus 3.2.2026\Chronological_Logs\2025-03-10_17-17_Par_Kesko Oyj Harri Spolanderin viralliset kommentit j.eml
Kesko vastaus 3.2.2026;2025-03-12_15-17_Par_Virka-apupyyntö poliisille Asiakirjojen luovuttami.eml;.eml;24.54;2026-03-23 13:44:19;2026-03-23 13:45:44;C:\Users\HP\Desktop\Kesko vastaus 3.2.2026\Chronological_Logs\2025-03-12_15-17_Par_Virka-apupyyntö poliisille Asiakirjojen luovuttami.eml
Kesko vastaus 3.2.2026;2025-03-15_14-51_Par_Re Ihr Audi Q7 e-tron  Markus Kaprio.eml;.eml;646.87;2026-03-23 13:44:19;2026-03-23 13:45:44;C:\Users\HP\Desktop\Kesko vastaus 3.2.2026\Chronological_Logs\2025-03-15_14-51_Par_Re Ihr Audi Q7 e-tron  Markus Kaprio.eml
Kesko vastaus 3.2.2026;2025-03-17_11-32_Par_Täydennys Poliisin virka-apu pyyntöön  Markus Kapr.eml;.eml;4.79;2026-03-23 13:44:19;2026-03-23 13:45:43;C:\Users\HP\Desktop\Kesko vastaus 3.2.2026\Chronological_Logs\2025-03-17_11-32_Par_Täydennys Poliisin virka-apu pyyntöön  Markus Kapr.eml
Kesko vastaus 3.2.2026;2025-03-17_15-26_Par_Re Päätös virka-apuun.eml;.eml;17.65;2026-03-23 13:44:19;2026-03-23 13:44:19;C:\Users\HP\Desktop\Kesko vastaus 3.2.2026\Chronological_Logs\2025-03-17_15-26_Par_Re Päätös virka-apuun.eml
Kesko vastaus 3.2.2026;2025-03-18_09-40_Par_Re VS Täydennys Poliisin virka-apupyyntöön  Markus.eml;.eml;17.7;2026-03-23 13:44:19;2026-03-23 13:45:43;C:\Users\HP\Desktop\Kesko vastaus 3.2.2026\Chronological_Logs\2025-03-18_09-40_Par_Re VS Täydennys Poliisin virka-apupyyntöön  Markus.eml
Kesko vastaus 3.2.2026;2025-03-18_09-53_Par_Re VS VS Täydennys Poliisin virka-apupyyntöön  Mar.eml;.eml;33.44;2026-03-23 13:44:19;2026-03-23 13:45:42;C:\Users\HP\Desktop\Kesko vastaus 3.2.2026\Chronological_Logs\2025-03-18_09-53_Par_Re VS VS Täydennys Poliisin virka-apupyyntöön  Mar.eml
Kesko vastaus 3.2.2026;2025-03-18_11-34_Par_Fwd Täydennys Poliisin virka-apu pyyntöön  Markus .eml;.eml;5.36;2026-03-23 13:44:19;2026-03-23 13:45:43;C:\Users\HP\Desktop\Kesko vastaus 3.2.2026\Chronological_Logs\2025-03-18_11-34_Par_Fwd Täydennys Poliisin virka-apu pyyntöön  Markus .eml
Kesko vastaus 3.2.2026;2025-03-19_20-14_Par_Dringende Erinnerung Buy-Back-Verfahren für Audi Q.eml;.eml;3.82;2026-03-23 13:44:19;2026-03-23 13:44:20;C:\Users\HP\Desktop\Kesko vastaus 3.2.2026\Chronological_Logs\2025-03-19_20-14_Par_Dringende Erinnerung Buy-Back-Verfahren für Audi Q.eml
Kesko vastaus 3.2.2026;2025-03-20_10-26_Par_Asiakasoikeuksien laiminlyönti ja tiedon panttaami.eml;.eml;3.77;2026-03-23 13:44:33;2026-03-23 13:44:56;C:\Users\HP\Desktop\Kesko vastaus 3.2.2026\Chronological_Logs\2025-03-20_10-26_Par_Asiakasoikeuksien laiminlyönti ja tiedon panttaami.eml
Kesko vastaus 3.2.2026;2025-03-20_11-05_Par_Re D1468332025 Vahvistus ja lisäselvityspyyntö.eml;.eml;7.45;2026-03-23 13:44:19;2026-03-23 13:44:19;C:\Users\HP\Desktop\Kesko vastaus 3.2.2026\Chronological_Logs\2025-03-20_11-05_Par_Re D1468332025 Vahvistus ja lisäselvityspyyntö.eml
Kesko vastaus 3.2.2026;2025-03-31_17-51_Par_Re D1468332025 Vahvistus ja lisäselvityspyyntö.eml;.eml;1053.04;2026-03-23 13:44:19;2026-03-23 13:45:42;C:\Users\HP\Desktop\Kesko vastaus 3.2.2026\Chronological_Logs\2025-03-31_17-51_Par_Re D1468332025 Vahvistus ja lisäselvityspyyntö.eml
Kesko vastaus 3.2.2026;2025-03-31_18-41_Par_D1468332025 Lisälausuma Trafin dokumentaatiosta..eml;.eml;2562.26;2026-03-23 13:44:19;2026-03-23 13:44:20;C:\Users\HP\Desktop\Kesko vastaus 3.2.2026\Chronological_Logs\2025-03-31_18-41_Par_D1468332025 Lisälausuma Trafin dokumentaatiosta..eml
Kesko vastaus 3.2.2026;2025-04-08_11-11_Par_Ajoneuvon siirtopyyntö.eml;.eml;49.3;2026-03-23 13:42:56;2026-03-23 13:43:07;C:\Users\HP\Desktop\Kesko vastaus 3.2.2026\Chronological_Logs\2025-04-08_11-11_Par_Ajoneuvon siirtopyyntö.eml
Kesko vastaus 3.2.2026;2025-04-13_17-52_Par_Täydennystä Markus Kaprio ja vika-analyysia jo saa.eml;.eml;5486.22;2026-03-23 13:44:20;2026-03-23 13:45:41;C:\Users\HP\Desktop\Kesko vastaus 3.2.2026\Chronological_Logs\2025-04-13_17-52_Par_Täydennystä Markus Kaprio ja vika-analyysia jo saa.eml
Kesko vastaus 3.2.2026;2025-04-13_18-35_Par_Re Ajoneuvon siirtopyyntö.eml;.eml;23.81;2026-03-23 13:44:20;2026-03-23 13:44:21;C:\Users\HP\Desktop\Kesko vastaus 3.2.2026\Chronological_Logs\2025-04-13_18-35_Par_Re Ajoneuvon siirtopyyntö.eml
Kesko vastaus 3.2.2026;2025-04-15_14-43_Par_Asianumero D1468332025 Markus Kaprio  vakava järje.eml;.eml;3.78;2026-03-23 13:44:21;2026-03-23 13:45:41;C:\Users\HP\Desktop\Kesko vastaus 3.2.2026\Chronological_Logs\2025-04-15_14-43_Par_Asianumero D1468332025 Markus Kaprio  vakava järje.eml
Kesko vastaus 3.2.2026;2025-04-16_15-51_Par_Asia D1468332025  Audi Q7 e-tron vakavat järjestel.eml;.eml;4.69;2026-03-23 13:44:21;2026-03-23 13:45:41;C:\Users\HP\Desktop\Kesko vastaus 3.2.2026\Chronological_Logs\2025-04-16_15-51_Par_Asia D1468332025  Audi Q7 e-tron vakavat järjestel.eml
Kesko vastaus 3.2.2026;2025-04-17_10-45_Par_VS Asia D1468332025  Audi Q7 e-tron vakavat järjes.eml;.eml;9.73;2026-03-23 13:42:56;2026-03-23 13:43:08;C:\Users\HP\Desktop\Kesko vastaus 3.2.2026\Chronological_Logs\2025-04-17_10-45_Par_VS Asia D1468332025  Audi Q7 e-tron vakavat järjes.eml
Kesko vastaus 3.2.2026;2025-05-13_17-11_Par_Kysely henkilötietojen ja ajoneuvon huoltohistoria.eml;.eml;31.87;2026-03-23 13:44:21;2026-03-23 13:45:41;C:\Users\HP\Desktop\Kesko vastaus 3.2.2026\Chronological_Logs\2025-05-13_17-11_Par_Kysely henkilötietojen ja ajoneuvon huoltohistoria.eml
Kesko vastaus 3.2.2026;2025-05-13_17-24_Par_Ilmoitus asian etenemisestätietosuojavaltuutetulle.eml;.eml;28.11;2026-03-23 13:44:21;2026-03-23 13:45:41;C:\Users\HP\Desktop\Kesko vastaus 3.2.2026\Chronological_Logs\2025-05-13_17-24_Par_Ilmoitus asian etenemisestätietosuojavaltuutetulle.eml
Kesko vastaus 3.2.2026;2025-05-14_12-12_Par_Re Ilmoitus asian etenemisestä tietosuojavaltuutet.eml;.eml;49.67;2026-03-23 13:42:56;2026-03-23 13:43:08;C:\Users\HP\Desktop\Kesko vastaus 3.2.2026\Chronological_Logs\2025-05-14_12-12_Par_Re Ilmoitus asian etenemisestä tietosuojavaltuutet.eml
Kesko vastaus 3.2.2026;2025-05-14_16-25_Par_Re Ilmoitus asian etenemisestä tietosuojavaltuutet.eml;.eml;16.81;2026-03-23 13:44:21;2026-03-23 13:45:41;C:\Users\HP\Desktop\Kesko vastaus 3.2.2026\Chronological_Logs\2025-05-14_16-25_Par_Re Ilmoitus asian etenemisestä tietosuojavaltuutet.eml
Kesko vastaus 3.2.2026;2025-05-14_18-21_Par_Huoltoliikkeen virhevastuun materiaalia asiantunti.eml;.eml;7.33;2026-03-23 13:44:21;2026-03-23 13:45:40;C:\Users\HP\Desktop\Kesko vastaus 3.2.2026\Chronological_Logs\2025-05-14_18-21_Par_Huoltoliikkeen virhevastuun materiaalia asiantunti.eml
Kesko vastaus 3.2.2026;2025-05-15_16-00_Fox_Ilmoitus vireillä olevasta kuluttajariita- ja tiet.eml;.eml;14.91;2026-03-23 13:41:10;2026-03-23 13:48:50;C:\Users\HP\Desktop\Kesko vastaus 3.2.2026\Chronological_Logs\2025-05-15_16-00_Fox_Ilmoitus vireillä olevasta kuluttajariita- ja tiet.eml
Kesko vastaus 3.2.2026;2025-05-15_22-19_Par_Asiakirjapyyntö  Audi Q7 e-tron Rek. RZS-139  VIN .eml;.eml;1.95;2026-03-23 13:44:21;2026-03-23 13:45:40;C:\Users\HP\Desktop\Kesko vastaus 3.2.2026\Chronological_Logs\2025-05-15_22-19_Par_Asiakirjapyyntö  Audi Q7 e-tron Rek. RZS-139  VIN .eml
Kesko vastaus 3.2.2026;2025-05-16_09-42_Par_Formal Notification to Audi AG  Concerning Data Pr.eml;.eml;3.32;2026-03-23 13:44:33;2026-03-23 13:44:56;C:\Users\HP\Desktop\Kesko vastaus 3.2.2026\Chronological_Logs\2025-05-16_09-42_Par_Formal Notification to Audi AG  Concerning Data Pr.eml
Kesko vastaus 3.2.2026;2025-05-16_09-51_Fox_Formal Notification to Audi AG  Concerning Data Pr.eml;.eml;10.1;2026-03-23 13:41:10;2026-03-23 13:48:50;C:\Users\HP\Desktop\Kesko vastaus 3.2.2026\Chronological_Logs\2025-05-16_09-51_Fox_Formal Notification to Audi AG  Concerning Data Pr.eml
Kesko vastaus 3.2.2026;2025-05-17_16-20_Par_Re D1468332025 Lisäselvityspyyntö.eml;.eml;8.02;2026-03-23 13:44:21;2026-03-23 13:45:40;C:\Users\HP\Desktop\Kesko vastaus 3.2.2026\Chronological_Logs\2025-05-17_16-20_Par_Re D1468332025 Lisäselvityspyyntö.eml
Kesko vastaus 3.2.2026;2025-05-17_16-21_Par_Fwd Re D1468332025 Lisäselvityspyyntö.eml;.eml;8.4;2026-03-23 13:44:21;2026-03-23 13:45:40;C:\Users\HP\Desktop\Kesko vastaus 3.2.2026\Chronological_Logs\2025-05-17_16-21_Par_Fwd Re D1468332025 Lisäselvityspyyntö.eml
Kesko vastaus 3.2.2026;2025-05-18_16-37_Par_Re D1468332025 Lisäselvityspyyntö ja sen uusi voim.eml;.eml;9.82;2026-03-23 13:44:21;2026-03-23 13:45:40;C:\Users\HP\Desktop\Kesko vastaus 3.2.2026\Chronological_Logs\2025-05-18_16-37_Par_Re D1468332025 Lisäselvityspyyntö ja sen uusi voim.eml
Kesko vastaus 3.2.2026;2025-05-18_16-48_Par_Fwd Re D1468332025 Lisäselvityspyyntö ja sen uusi .eml;.eml;10.23;2026-03-23 13:44:21;2026-03-23 13:45:40;C:\Users\HP\Desktop\Kesko vastaus 3.2.2026\Chronological_Logs\2025-05-18_16-48_Par_Fwd Re D1468332025 Lisäselvityspyyntö ja sen uusi .eml
Kesko vastaus 3.2.2026;2025-05-22_10-09_Fox_Re Your message to AUDI AG.eml;.eml;31.46;2026-03-23 13:41:10;2026-03-23 13:48:50;C:\Users\HP\Desktop\Kesko vastaus 3.2.2026\Chronological_Logs\2025-05-22_10-09_Fox_Re Your message to AUDI AG.eml
Kesko vastaus 3.2.2026;2025-05-23_15-53_Fox_Re Your message to AUDI AG.eml;.eml;29.32;2026-03-23 13:41:10;2026-03-23 13:48:49;C:\Users\HP\Desktop\Kesko vastaus 3.2.2026\Chronological_Logs\2025-05-23_15-53_Fox_Re Your message to AUDI AG.eml
Kesko vastaus 3.2.2026;2025-05-26_14-00_Par_Asia D1468332025  Tietosuojaprosessin laiminlyönti.eml;.eml;14.02;2026-03-23 13:44:21;2026-03-23 13:45:40;C:\Users\HP\Desktop\Kesko vastaus 3.2.2026\Chronological_Logs\2025-05-26_14-00_Par_Asia D1468332025  Tietosuojaprosessin laiminlyönti.eml
Kesko vastaus 3.2.2026;2025-05-26_14-06_Par_Fwd Asia D1468332025  Tietosuojaprosessin laiminly.eml;.eml;14.56;2026-03-23 13:44:21;2026-03-23 13:45:40;C:\Users\HP\Desktop\Kesko vastaus 3.2.2026\Chronological_Logs\2025-05-26_14-06_Par_Fwd Asia D1468332025  Tietosuojaprosessin laiminly.eml
Kesko vastaus 3.2.2026;2025-05-26_16-43_Fox_GDPR tietopyyntö  Markus Kaprio..eml;.eml;9.27;2026-03-23 13:41:10;2026-03-23 13:48:49;C:\Users\HP\Desktop\Kesko vastaus 3.2.2026\Chronological_Logs\2025-05-26_16-43_Fox_GDPR tietopyyntö  Markus Kaprio..eml
Kesko vastaus 3.2.2026;2025-05-27_19-18_Fox_Saksan valitus BayLfD.eml;.eml;40.39;2026-03-23 13:41:10;2026-03-23 13:48:49;C:\Users\HP\Desktop\Kesko vastaus 3.2.2026\Chronological_Logs\2025-05-27_19-18_Fox_Saksan valitus BayLfD.eml
Kesko vastaus 3.2.2026;2025-05-31_12-39_Fox_GDPR rekisteröidyn havaintoaineiston esittely  tie.eml;.eml;1629.31;2026-03-23 13:41:10;2026-03-23 13:48:49;C:\Users\HP\Desktop\Kesko vastaus 3.2.2026\Chronological_Logs\2025-05-31_12-39_Fox_GDPR rekisteröidyn havaintoaineiston esittely  tie.eml
Kesko vastaus 3.2.2026;2025-06-02_15-03_Fox_Re Your request regarding the General Data Protect.eml;.eml;1165.18;2026-03-23 13:41:10;2026-03-23 13:48:48;C:\Users\HP\Desktop\Kesko vastaus 3.2.2026\Chronological_Logs\2025-06-02_15-03_Fox_Re Your request regarding the General Data Protect.eml
Kesko vastaus 3.2.2026;2025-06-02_16-09_Par_Re Asia D1468332025  Lisäliite jossa viralliset ta.eml;.eml;1424.59;2026-03-23 13:44:21;2026-03-23 13:45:40;C:\Users\HP\Desktop\Kesko vastaus 3.2.2026\Chronological_Logs\2025-06-02_16-09_Par_Re Asia D1468332025  Lisäliite jossa viralliset ta.eml
Kesko vastaus 3.2.2026;2025-06-03_18-11_Fox_Formelle Beschwerde wegen systematischer Verstöße .eml;.eml;1158.99;2026-03-23 13:41:10;2026-03-23 13:48:48;C:\Users\HP\Desktop\Kesko vastaus 3.2.2026\Chronological_Logs\2025-06-03_18-11_Fox_Formelle Beschwerde wegen systematischer Verstöße .eml
Kesko vastaus 3.2.2026;2025-06-03_18-30_Fox_Rajat ylittävä valitus Audi AG  Pörhön Autoliike O.eml;.eml;1189.09;2026-03-23 13:41:10;2026-03-23 13:48:47;C:\Users\HP\Desktop\Kesko vastaus 3.2.2026\Chronological_Logs\2025-06-03_18-30_Fox_Rajat ylittävä valitus Audi AG  Pörhön Autoliike O.eml
Kesko vastaus 3.2.2026;2025-06-04_08-12_Fox_Your concern regarding General Data Protection Reg.eml;.eml;18.12;2026-03-23 13:40:15;2026-03-23 13:40:15;C:\Users\HP\Desktop\Kesko vastaus 3.2.2026\Chronological_Logs\2025-06-04_08-12_Fox_Your concern regarding General Data Protection Reg.eml
Kesko vastaus 3.2.2026;2025-06-04_14-26_Fox_RE GDPR rekisteröidyn havaintoaineiston esittely  .eml;.eml;60.94;2026-03-23 13:40:13;2026-03-23 13:40:49;C:\Users\HP\Desktop\Kesko vastaus 3.2.2026\Chronological_Logs\2025-06-04_14-26_Fox_RE GDPR rekisteröidyn havaintoaineiston esittely  .eml
Kesko vastaus 3.2.2026;2025-06-04_23-51_Fox_Re GDPR rekisteröidyn havaintoaineiston esittely  .eml;.eml;1193.35;2026-03-23 13:41:11;2026-03-23 13:48:46;C:\Users\HP\Desktop\Kesko vastaus 3.2.2026\Chronological_Logs\2025-06-04_23-51_Fox_Re GDPR rekisteröidyn havaintoaineiston esittely  .eml
Kesko vastaus 3.2.2026;2025-06-06_14-52_Par_D1468332025 Ilmoitus lisätiedoksi KRLlle  Santande.eml;.eml;1.93;2026-03-23 13:44:21;2026-03-23 13:45:39;C:\Users\HP\Desktop\Kesko vastaus 3.2.2026\Chronological_Logs\2025-06-06_14-52_Par_D1468332025 Ilmoitus lisätiedoksi KRLlle  Santande.eml
Kesko vastaus 3.2.2026;2025-06-10_10-40_Par_TSV55372055 Päivitys asiaan.eml;.eml;19.93;2026-03-23 13:44:21;2026-03-23 13:45:39;C:\Users\HP\Desktop\Kesko vastaus 3.2.2026\Chronological_Logs\2025-06-10_10-40_Par_TSV55372055 Päivitys asiaan.eml
Kesko vastaus 3.2.2026;2025-06-10_16-43_Fox_ECCFI-27854 Audi  Pörhö.eml;.eml;17.48;2026-03-23 13:40:15;2026-03-23 13:40:15;C:\Users\HP\Desktop\Kesko vastaus 3.2.2026\Chronological_Logs\2025-06-10_16-43_Fox_ECCFI-27854 Audi  Pörhö.eml
Kesko vastaus 3.2.2026;2025-06-10_20-03_Fox_Markus Kaprio  työhakemus Jobilla  puhelu tänään..eml;.eml;2719.4;2026-03-23 13:41:11;2026-03-23 13:48:46;C:\Users\HP\Desktop\Kesko vastaus 3.2.2026\Chronological_Logs\2025-06-10_20-03_Fox_Markus Kaprio  työhakemus Jobilla  puhelu tänään..eml
Kesko vastaus 3.2.2026;2025-06-11_12-27_Fox_GDPR henkilötietopyyntö Pörhön Autoliike Oylle kos.eml;.eml;1151.53;2026-03-23 13:41:11;2026-03-23 13:41:11;C:\Users\HP\Desktop\Kesko vastaus 3.2.2026\Chronological_Logs\2025-06-11_12-27_Fox_GDPR henkilötietopyyntö Pörhön Autoliike Oylle kos.eml
Kesko vastaus 3.2.2026;2025-06-11_12-30_Fox_Data Access Request Regarding Vehicle RZS-139  GDP.eml;.eml;1168.88;2026-03-23 13:41:11;2026-03-23 13:48:45;C:\Users\HP\Desktop\Kesko vastaus 3.2.2026\Chronological_Logs\2025-06-11_12-30_Fox_Data Access Request Regarding Vehicle RZS-139  GDP.eml
Kesko vastaus 3.2.2026;2025-06-11_17-56_Fox_Hakijatiedon lisäliite Markus Kaprio..eml;.eml;2517.57;2026-03-23 13:41:11;2026-03-23 13:48:45;C:\Users\HP\Desktop\Kesko vastaus 3.2.2026\Chronological_Logs\2025-06-11_17-56_Fox_Hakijatiedon lisäliite Markus Kaprio..eml
Kesko vastaus 3.2.2026;2025-06-13_12-11_Fox_Re Your concern regarding General Data Protection .eml;.eml;1171.33;2026-03-23 13:41:11;2026-03-23 13:48:44;C:\Users\HP\Desktop\Kesko vastaus 3.2.2026\Chronological_Logs\2025-06-13_12-11_Fox_Re Your concern regarding General Data Protection .eml
Kesko vastaus 3.2.2026;2025-06-15_01-43_Fox_For the Attention of Mr. Gernot Döllner - Settleme.eml;.eml;1151.71;2026-03-23 13:41:11;2026-03-23 13:41:12;C:\Users\HP\Desktop\Kesko vastaus 3.2.2026\Chronological_Logs\2025-06-15_01-43_Fox_For the Attention of Mr. Gernot Döllner - Settleme.eml
Kesko vastaus 3.2.2026;2025-06-16_07-40_Fox_Your concern regarding General Data Protection Reg.eml;.eml;21.92;2026-03-23 13:40:15;2026-03-23 13:40:15;C:\Users\HP\Desktop\Kesko vastaus 3.2.2026\Chronological_Logs\2025-06-16_07-40_Fox_Your concern regarding General Data Protection Reg.eml
Kesko vastaus 3.2.2026;2025-06-16_13-39_Fox_D1468332025 Ilmoitus Audi AGlle suoraan sovintoyri.eml;.eml;1159.98;2026-03-23 13:41:12;2026-03-23 13:48:43;C:\Users\HP\Desktop\Kesko vastaus 3.2.2026\Chronological_Logs\2025-06-16_13-39_Fox_D1468332025 Ilmoitus Audi AGlle suoraan sovintoyri.eml
Kesko vastaus 3.2.2026;2025-06-17_13-30_Fox_Re Audi DSR-Team has sent you the file 00002772_MA.eml;.eml;38.36;2026-03-23 13:41:12;2026-03-23 13:48:43;C:\Users\HP\Desktop\Kesko vastaus 3.2.2026\Chronological_Logs\2025-06-17_13-30_Fox_Re Audi DSR-Team has sent you the file 00002772_MA.eml
Kesko vastaus 3.2.2026;2025-06-17_18-14_Fox_D1468332025  Lausuma Santanderlle  Audi Q7 e-tron .eml;.eml;2524.24;2026-03-23 13:41:12;2026-03-23 13:48:32;C:\Users\HP\Desktop\Kesko vastaus 3.2.2026\Chronological_Logs\2025-06-17_18-14_Fox_D1468332025  Lausuma Santanderlle  Audi Q7 e-tron .eml
Kesko vastaus 3.2.2026;2025-06-18_09-27_Fox_Re D1468332025  Lausuma Santanderlle  Audi Q7 e-tr.eml;.eml;76.74;2026-03-23 13:40:15;2026-03-23 13:40:16;C:\Users\HP\Desktop\Kesko vastaus 3.2.2026\Chronological_Logs\2025-06-18_09-27_Fox_Re D1468332025  Lausuma Santanderlle  Audi Q7 e-tr.eml
Kesko vastaus 3.2.2026;2025-06-18_11-49_Fox_RE GDPR rekisteröidyn havaintoaineiston esittely  .eml;.eml;124.23;2026-03-23 13:40:15;2026-03-23 13:40:48;C:\Users\HP\Desktop\Kesko vastaus 3.2.2026\Chronological_Logs\2025-06-18_11-49_Fox_RE GDPR rekisteröidyn havaintoaineiston esittely  .eml
Kesko vastaus 3.2.2026;2025-06-18_12-02_Fox_Re RE D1468332025  Lausuma Santanderlle  Audi Q7 e.eml;.eml;134.38;2026-03-23 13:40:15;2026-03-23 13:40:48;C:\Users\HP\Desktop\Kesko vastaus 3.2.2026\Chronological_Logs\2025-06-18_12-02_Fox_Re RE D1468332025  Lausuma Santanderlle  Audi Q7 e.eml
Kesko vastaus 3.2.2026;2025-06-18_14-36_Fox_RE D1468332025  Lausuma Santanderlle  Audi Q7 e-tr.eml;.eml;2560.92;2026-03-23 13:41:13;2026-03-23 13:48:27;C:\Users\HP\Desktop\Kesko vastaus 3.2.2026\Chronological_Logs\2025-06-18_14-36_Fox_RE D1468332025  Lausuma Santanderlle  Audi Q7 e-tr.eml
Kesko vastaus 3.2.2026;2025-06-18_15-41_Fox_Re D1468332025  Lausuma Santanderlle  Audi Q7 e-tr.eml;.eml;2602.68;2026-03-23 13:41:13;2026-03-23 13:48:23;C:\Users\HP\Desktop\Kesko vastaus 3.2.2026\Chronological_Logs\2025-06-18_15-41_Fox_Re D1468332025  Lausuma Santanderlle  Audi Q7 e-tr.eml
Kesko vastaus 3.2.2026;2025-06-18_15-59_Fox_Re D1468332025  Lausuma Santanderlle  Audi Q7 e-tr.eml;.eml;95.15;2026-03-23 13:42:43;2026-03-23 13:43:17;C:\Users\HP\Desktop\Kesko vastaus 3.2.2026\Chronological_Logs\2025-06-18_15-59_Fox_Re D1468332025  Lausuma Santanderlle  Audi Q7 e-tr.eml
Kesko vastaus 3.2.2026;2025-06-18_22-07_Fox_Request for a Resolution  Audi Q7 e-Tron Technical.eml;.eml;2515.47;2026-03-23 13:41:14;2026-03-23 13:48:16;C:\Users\HP\Desktop\Kesko vastaus 3.2.2026\Chronological_Logs\2025-06-18_22-07_Fox_Request for a Resolution  Audi Q7 e-Tron Technical.eml
Kesko vastaus 3.2.2026;2025-06-19_13-15_Fox_Vakava muistutus asian oikeasta luonteesta ja määr.eml;.eml;2522.04;2026-03-23 13:41:14;2026-03-23 13:48:01;C:\Users\HP\Desktop\Kesko vastaus 3.2.2026\Chronological_Logs\2025-06-19_13-15_Fox_Vakava muistutus asian oikeasta luonteesta ja määr.eml
Kesko vastaus 3.2.2026;2025-06-26_12-20_Fox_Vastausaika umpenee tänään 26.6.2025 klo 1630 - py.eml;.eml;12.85;2026-03-23 13:41:15;2026-03-23 13:47:57;C:\Users\HP\Desktop\Kesko vastaus 3.2.2026\Chronological_Logs\2025-06-26_12-20_Fox_Vastausaika umpenee tänään 26.6.2025 klo 1630 - py.eml
Kesko vastaus 3.2.2026;2025-06-27_14-35_Fox_Fwd Tiedoksi.eml;.eml;46.86;2026-03-23 13:40:13;2026-03-23 13:40:49;C:\Users\HP\Desktop\Kesko vastaus 3.2.2026\Chronological_Logs\2025-06-27_14-35_Fox_Fwd Tiedoksi.eml
Kesko vastaus 3.2.2026;2025-06-27_14-55_Fox_Henkilötietojasi koskeva toimenpidepyyntö on käsit.eml;.eml;9.7;2026-03-23 13:40:15;2026-03-23 13:40:15;C:\Users\HP\Desktop\Kesko vastaus 3.2.2026\Chronological_Logs\2025-06-27_14-55_Fox_Henkilötietojasi koskeva toimenpidepyyntö on käsit.eml
Kesko vastaus 3.2.2026;2025-06-27_15-39_Fox_Re Henkilötietojasi koskeva toimenpidepyyntö on kä.eml;.eml;8.79;2026-03-23 13:41:15;2026-03-23 13:47:57;C:\Users\HP\Desktop\Kesko vastaus 3.2.2026\Chronological_Logs\2025-06-27_15-39_Fox_Re Henkilötietojasi koskeva toimenpidepyyntö on kä.eml
Kesko vastaus 3.2.2026;2025-06-27_16-00_Fox_D1468332025 - Santanderin toimintamalli ei nimeä e.eml;.eml;49.47;2026-03-23 13:41:15;2026-03-23 13:47:57;C:\Users\HP\Desktop\Kesko vastaus 3.2.2026\Chronological_Logs\2025-06-27_16-00_Fox_D1468332025 - Santanderin toimintamalli ei nimeä e.eml
Kesko vastaus 3.2.2026;2025-06-29_12-43_Fox_Urgent Follow-Up on Audi Q7 e-Tron Resolution and .eml;.eml;2754.89;2026-03-23 13:41:15;2026-03-23 13:47:50;C:\Users\HP\Desktop\Kesko vastaus 3.2.2026\Chronological_Logs\2025-06-29_12-43_Fox_Urgent Follow-Up on Audi Q7 e-Tron Resolution and .eml
Kesko vastaus 3.2.2026;2025-07-02_12-37_Par_Yhteydenottonne CRM00071000216.eml;.eml;24.79;2026-03-23 13:42:56;2026-03-23 13:43:08;C:\Users\HP\Desktop\Kesko vastaus 3.2.2026\Chronological_Logs\2025-07-02_12-37_Par_Yhteydenottonne CRM00071000216.eml
Kesko vastaus 3.2.2026;2025-07-02_19-28_Par_Re Yhteydenottonne CRM00071000216.eml;.eml;6.36;2026-03-23 13:44:33;2026-03-23 13:44:56;C:\Users\HP\Desktop\Kesko vastaus 3.2.2026\Chronological_Logs\2025-07-02_19-28_Par_Re Yhteydenottonne CRM00071000216.eml
Kesko vastaus 3.2.2026;2025-07-03_10-00_Par_Re Yhteydenottonne CRM00071000216.eml;.eml;2.15;2026-03-23 13:44:33;2026-03-23 13:44:56;C:\Users\HP\Desktop\Kesko vastaus 3.2.2026\Chronological_Logs\2025-07-03_10-00_Par_Re Yhteydenottonne CRM00071000216.eml
Kesko vastaus 3.2.2026;2025-07-03_10-09_Par_Re Yhteydenottonne CRM00071000216.eml;.eml;1.79;2026-03-23 13:44:33;2026-03-23 13:44:56;C:\Users\HP\Desktop\Kesko vastaus 3.2.2026\Chronological_Logs\2025-07-03_10-09_Par_Re Yhteydenottonne CRM00071000216.eml
Kesko vastaus 3.2.2026;2025-07-03_10-24_Par_Re Yhteydenottonne CRM00071000216.eml;.eml;1.94;2026-03-23 13:44:21;2026-03-23 13:45:39;C:\Users\HP\Desktop\Kesko vastaus 3.2.2026\Chronological_Logs\2025-07-03_10-24_Par_Re Yhteydenottonne CRM00071000216.eml
Kesko vastaus 3.2.2026;2025-07-03_12-32_Fox_Tiedustelu Heinäkuussa..eml;.eml;9.36;2026-03-23 13:41:15;2026-03-23 13:47:44;C:\Users\HP\Desktop\Kesko vastaus 3.2.2026\Chronological_Logs\2025-07-03_12-32_Fox_Tiedustelu Heinäkuussa..eml
Kesko vastaus 3.2.2026;2025-07-08_11-06_Par_Yhteydenottoosi liittyen CRM00016400108.eml;.eml;27.03;2026-03-23 13:42:56;2026-03-23 13:43:08;C:\Users\HP\Desktop\Kesko vastaus 3.2.2026\Chronological_Logs\2025-07-08_11-06_Par_Yhteydenottoosi liittyen CRM00016400108.eml
Kesko vastaus 3.2.2026;2025-07-08_12-18_Par_Re Asia D1468332025   Lisätieto vireillä olevaan a.eml;.eml;6.73;2026-03-23 13:44:21;2026-03-23 13:45:39;C:\Users\HP\Desktop\Kesko vastaus 3.2.2026\Chronological_Logs\2025-07-08_12-18_Par_Re Asia D1468332025   Lisätieto vireillä olevaan a.eml
Kesko vastaus 3.2.2026;2025-07-08_14-27_Par_Re Yhteydenottoosi liittyen CRM00016400108.eml;.eml;5.7;2026-03-23 13:44:21;2026-03-23 13:45:39;C:\Users\HP\Desktop\Kesko vastaus 3.2.2026\Chronological_Logs\2025-07-08_14-27_Par_Re Yhteydenottoosi liittyen CRM00016400108.eml
Kesko vastaus 3.2.2026;2025-07-08_14-58_Fox_Rückabwicklung wegen Serienfehler  VIN WAUZZZ4M4JD.eml;.eml;2509.49;2026-03-23 13:41:15;2026-03-23 13:47:40;C:\Users\HP\Desktop\Kesko vastaus 3.2.2026\Chronological_Logs\2025-07-08_14-58_Fox_Rückabwicklung wegen Serienfehler  VIN WAUZZZ4M4JD.eml
Kesko vastaus 3.2.2026;2025-07-08_17-03_Fox_Dringende Anforderung des Rückkaufs und der Rücker.eml;.eml;2514.12;2026-03-23 13:41:16;2026-03-23 13:47:24;C:\Users\HP\Desktop\Kesko vastaus 3.2.2026\Chronological_Logs\2025-07-08_17-03_Fox_Dringende Anforderung des Rückkaufs und der Rücker.eml
Kesko vastaus 3.2.2026;2025-07-08_19-27_Par_Re D1468332025 Lisäselvityspyyntö.eml;.eml;71.92;2026-03-23 13:44:33;2026-03-23 13:44:56;C:\Users\HP\Desktop\Kesko vastaus 3.2.2026\Chronological_Logs\2025-07-08_19-27_Par_Re D1468332025 Lisäselvityspyyntö.eml
Kesko vastaus 3.2.2026;2025-07-08_20-23_Par_Re D1468332025 Lisäselvityspyyntö.eml;.eml;114.28;2026-03-23 13:44:21;2026-03-23 13:45:39;C:\Users\HP\Desktop\Kesko vastaus 3.2.2026\Chronological_Logs\2025-07-08_20-23_Par_Re D1468332025 Lisäselvityspyyntö.eml
Kesko vastaus 3.2.2026;2025-07-09_10-44_Par_Re Yhteydenottoosi liittyen CRM00016400108.eml;.eml;36.24;2026-03-23 13:44:21;2026-03-23 13:45:39;C:\Users\HP\Desktop\Kesko vastaus 3.2.2026\Chronological_Logs\2025-07-09_10-44_Par_Re Yhteydenottoosi liittyen CRM00016400108.eml
Kesko vastaus 3.2.2026;2025-07-10_16-03_Par_D1468332025  erillinen TIEDOKSIANTO Kuluttajariita.eml;.eml;1373.48;2026-03-23 13:44:21;2026-03-23 13:45:35;C:\Users\HP\Desktop\Kesko vastaus 3.2.2026\Chronological_Logs\2025-07-10_16-03_Par_D1468332025  erillinen TIEDOKSIANTO Kuluttajariita.eml
Kesko vastaus 3.2.2026;2025-07-11_05-40_Par_VS Osoite Markus Kaprio.eml;.eml;12.35;2026-03-23 13:42:56;2026-03-23 13:43:08;C:\Users\HP\Desktop\Kesko vastaus 3.2.2026\Chronological_Logs\2025-07-11_05-40_Par_VS Osoite Markus Kaprio.eml
Kesko vastaus 3.2.2026;2025-07-11_06-45_Par_Re VS Osoite Markus Kaprio.eml;.eml;5.18;2026-03-23 13:44:22;2026-03-23 13:45:26;C:\Users\HP\Desktop\Kesko vastaus 3.2.2026\Chronological_Logs\2025-07-11_06-45_Par_Re VS Osoite Markus Kaprio.eml
Kesko vastaus 3.2.2026;2025-07-11_10-48_Par_VS VS Osoite Markus Kaprio.eml;.eml;168.32;2026-03-23 13:42:56;2026-03-23 13:43:08;C:\Users\HP\Desktop\Kesko vastaus 3.2.2026\Chronological_Logs\2025-07-11_10-48_Par_VS VS Osoite Markus Kaprio.eml
Kesko vastaus 3.2.2026;2025-07-11_11-00_Par_Re VS VS Osoite Markus Kaprio.eml;.eml;8.25;2026-03-23 13:44:33;2026-03-23 13:44:56;C:\Users\HP\Desktop\Kesko vastaus 3.2.2026\Chronological_Logs\2025-07-11_11-00_Par_Re VS VS Osoite Markus Kaprio.eml
Kesko vastaus 3.2.2026;2025-07-13_16-12_Fox_Request for official response regarding Audi vehic.eml;.eml;37.5;2026-03-23 13:41:16;2026-03-23 13:47:20;C:\Users\HP\Desktop\Kesko vastaus 3.2.2026\Chronological_Logs\2025-07-13_16-12_Fox_Request for official response regarding Audi vehic.eml
Kesko vastaus 3.2.2026;2025-07-14_11-05_Par_VS Re VS VS Osoite Markus Kaprio.eml;.eml;21.42;2026-03-23 13:42:56;2026-03-23 13:43:08;C:\Users\HP\Desktop\Kesko vastaus 3.2.2026\Chronological_Logs\2025-07-14_11-05_Par_VS Re VS VS Osoite Markus Kaprio.eml
Kesko vastaus 3.2.2026;2025-07-14_12-00_Par_Re VS VS Osoite Markus Kaprio.eml;.eml;2.2;2026-03-23 13:44:33;2026-03-23 13:44:55;C:\Users\HP\Desktop\Kesko vastaus 3.2.2026\Chronological_Logs\2025-07-14_12-00_Par_Re VS VS Osoite Markus Kaprio.eml
Kesko vastaus 3.2.2026;2025-07-14_12-08_Par_Re VS VS Osoite Markus Kaprio.eml;.eml;2.44;2026-03-23 13:44:22;2026-03-23 13:45:26;C:\Users\HP\Desktop\Kesko vastaus 3.2.2026\Chronological_Logs\2025-07-14_12-08_Par_Re VS VS Osoite Markus Kaprio.eml
Kesko vastaus 3.2.2026;2025-07-14_13-05_Par_Fwd Re VS VS Osoite Markus Kaprio.eml;.eml;2.46;2026-03-23 13:44:22;2026-03-23 13:44:23;C:\Users\HP\Desktop\Kesko vastaus 3.2.2026\Chronological_Logs\2025-07-14_13-05_Par_Fwd Re VS VS Osoite Markus Kaprio.eml
Kesko vastaus 3.2.2026;2025-07-18_10-06_Par_Re VS Re VS VS Osoite Markus Kaprio.eml;.eml;5.11;2026-03-23 13:44:22;2026-03-23 13:44:22;C:\Users\HP\Desktop\Kesko vastaus 3.2.2026\Chronological_Logs\2025-07-18_10-06_Par_Re VS Re VS VS Osoite Markus Kaprio.eml
Kesko vastaus 3.2.2026;2025-07-18_11-12_Par_D1468332025 Lisäselvitys  Kolmas vaihteistorikko j.eml;.eml;160.1;2026-03-23 13:44:22;2026-03-23 13:44:22;C:\Users\HP\Desktop\Kesko vastaus 3.2.2026\Chronological_Logs\2025-07-18_11-12_Par_D1468332025 Lisäselvitys  Kolmas vaihteistorikko j.eml
Kesko vastaus 3.2.2026;2025-07-18_11-56_Par_Re VS VS Re VS VS Osoite Markus Kaprio.eml;.eml;7.37;2026-03-23 13:44:22;2026-03-23 13:44:22;C:\Users\HP\Desktop\Kesko vastaus 3.2.2026\Chronological_Logs\2025-07-18_11-56_Par_Re VS VS Re VS VS Osoite Markus Kaprio.eml
Kesko vastaus 3.2.2026;2025-07-18_12-45_Par_D1468332025 Lisäselvitys Kapriolta  Korjauskustann.eml;.eml;332.33;2026-03-23 13:44:22;2026-03-23 13:45:26;C:\Users\HP\Desktop\Kesko vastaus 3.2.2026\Chronological_Logs\2025-07-18_12-45_Par_D1468332025 Lisäselvitys Kapriolta  Korjauskustann.eml
Kesko vastaus 3.2.2026;2025-07-22_10-19_Par_Tiedoksi Jorma Rauhalalle  Asiakasreklamaation epä.eml;.eml;1368.0;2026-03-23 13:44:33;2026-03-23 13:44:51;C:\Users\HP\Desktop\Kesko vastaus 3.2.2026\Chronological_Logs\2025-07-22_10-19_Par_Tiedoksi Jorma Rauhalalle  Asiakasreklamaation epä.eml
Kesko vastaus 3.2.2026;2025-07-22_12-50_Fox_Viesti Pääjohtaja Jorma Rauhalalle  Asiakasreklama.eml;.eml;2227.2;2026-03-23 13:42:43;2026-03-23 13:43:12;C:\Users\HP\Desktop\Kesko vastaus 3.2.2026\Chronological_Logs\2025-07-22_12-50_Fox_Viesti Pääjohtaja Jorma Rauhalalle  Asiakasreklama.eml
Kesko vastaus 3.2.2026;2025-08-04_16-11_Fox_Kesko Oyj Asiakkaan vakava reklamaatio Pääjohtaja .eml;.eml;3372.78;2026-03-23 13:41:16;2026-03-23 13:47:16;C:\Users\HP\Desktop\Kesko vastaus 3.2.2026\Chronological_Logs\2025-08-04_16-11_Fox_Kesko Oyj Asiakkaan vakava reklamaatio Pääjohtaja .eml
Kesko vastaus 3.2.2026;2025-08-07_12-24_Fox_Viestini K-Auto Oylle  Buy-Back-neuvottelupyyntö j.eml;.eml;1765.17;2026-03-23 13:41:17;2026-03-23 13:47:11;C:\Users\HP\Desktop\Kesko vastaus 3.2.2026\Chronological_Logs\2025-08-07_12-24_Fox_Viestini K-Auto Oylle  Buy-Back-neuvottelupyyntö j.eml
Kesko vastaus 3.2.2026;2025-08-10_08-24_Par_Re D1468332025Lisäselvitys  Kolmas vaihteistorikko.eml;.eml;24.05;2026-03-23 13:44:22;2026-03-23 13:45:26;C:\Users\HP\Desktop\Kesko vastaus 3.2.2026\Chronological_Logs\2025-08-10_08-24_Par_Re D1468332025Lisäselvitys  Kolmas vaihteistorikko.eml
Kesko vastaus 3.2.2026;2025-08-12_18-40_Fox_Re Vastaus viestiisi K-Tunnus 4171009 Viestin tunn.eml;.eml;17.54;2026-03-23 13:41:17;2026-03-23 13:47:11;C:\Users\HP\Desktop\Kesko vastaus 3.2.2026\Chronological_Logs\2025-08-12_18-40_Fox_Re Vastaus viestiisi K-Tunnus 4171009 Viestin tunn.eml
Kesko vastaus 3.2.2026;2025-08-12_19-54_Fox_Turvallisuusuhka  RZS-139 Audi Q7 e-tron  kiireell.eml;.eml;16.85;2026-03-23 13:41:17;2026-03-23 13:47:10;C:\Users\HP\Desktop\Kesko vastaus 3.2.2026\Chronological_Logs\2025-08-12_19-54_Fox_Turvallisuusuhka  RZS-139 Audi Q7 e-tron  kiireell.eml
Kesko vastaus 3.2.2026;2025-08-13_10-41_Fox_Fwd Turvallisuusuhka  RZS-139 Audi Q7 e-tron  kiir.eml;.eml;18.88;2026-03-23 13:41:17;2026-03-23 13:47:10;C:\Users\HP\Desktop\Kesko vastaus 3.2.2026\Chronological_Logs\2025-08-13_10-41_Fox_Fwd Turvallisuusuhka  RZS-139 Audi Q7 e-tron  kiir.eml
Kesko vastaus 3.2.2026;2025-08-13_17-33_Fox_Vaarallisen ajoneuvon pakkosiirto  RZS-139 Audi Q7.eml;.eml;9.64;2026-03-23 13:41:17;2026-03-23 13:47:10;C:\Users\HP\Desktop\Kesko vastaus 3.2.2026\Chronological_Logs\2025-08-13_17-33_Fox_Vaarallisen ajoneuvon pakkosiirto  RZS-139 Audi Q7.eml
Kesko vastaus 3.2.2026;2025-08-13_18-27_Par_HÄTÄTIEDOTE  VÄLITÖN PALOTURVALLISUUSUHKA.eml;.eml;60.01;2026-03-23 13:44:22;2026-03-23 13:45:25;C:\Users\HP\Desktop\Kesko vastaus 3.2.2026\Chronological_Logs\2025-08-13_18-27_Par_HÄTÄTIEDOTE  VÄLITÖN PALOTURVALLISUUSUHKA.eml
Kesko vastaus 3.2.2026;2025-08-13_19-52_Fox_HENGENVAARA JA YMPÄRISTÖRISKI  Syväpurkautunut lit.eml;.eml;61.12;2026-03-23 13:41:17;2026-03-23 13:47:10;C:\Users\HP\Desktop\Kesko vastaus 3.2.2026\Chronological_Logs\2025-08-13_19-52_Fox_HENGENVAARA JA YMPÄRISTÖRISKI  Syväpurkautunut lit.eml
Kesko vastaus 3.2.2026;2025-08-14_14-39_Fox_ VAARATIEDOTE  HOX.eml;.eml;18.04;2026-03-23 13:41:17;2026-03-23 13:47:10;C:\Users\HP\Desktop\Kesko vastaus 3.2.2026\Chronological_Logs\2025-08-14_14-39_Fox_ VAARATIEDOTE  HOX.eml
Kesko vastaus 3.2.2026;2025-08-17_13-33_Fox_AUDI Q7 e-tron RZS-139 Kaupanpurku-ilmoitus Ramis .eml;.eml;3975.35;2026-03-23 13:41:17;2026-03-23 13:46:57;C:\Users\HP\Desktop\Kesko vastaus 3.2.2026\Chronological_Logs\2025-08-17_13-33_Fox_AUDI Q7 e-tron RZS-139 Kaupanpurku-ilmoitus Ramis .eml
Kesko vastaus 3.2.2026;2025-08-18_10-50_Fox_Fwd AUDI Q7 e-tron RZS-139 Kaupanpurku-ilmoitus Ra.eml;.eml;3979.6;2026-03-23 13:41:17;2026-03-23 13:46:50;C:\Users\HP\Desktop\Kesko vastaus 3.2.2026\Chronological_Logs\2025-08-18_10-50_Fox_Fwd AUDI Q7 e-tron RZS-139 Kaupanpurku-ilmoitus Ra.eml
Kesko vastaus 3.2.2026;2025-08-18_10-56_Fox_Fwd AUDI Q7 e-tron RZS-139 Kaupanpurku-ilmoitus Ra.eml;.eml;3983.33;2026-03-23 13:41:18;2026-03-23 13:46:42;C:\Users\HP\Desktop\Kesko vastaus 3.2.2026\Chronological_Logs\2025-08-18_10-56_Fox_Fwd AUDI Q7 e-tron RZS-139 Kaupanpurku-ilmoitus Ra.eml
Kesko vastaus 3.2.2026;2025-08-22_12-59_Par_Soittopyyntö K-Autoon.eml;.eml;53.93;2026-03-23 13:42:56;2026-03-23 13:43:08;C:\Users\HP\Desktop\Kesko vastaus 3.2.2026\Chronological_Logs\2025-08-22_12-59_Par_Soittopyyntö K-Autoon.eml
Kesko vastaus 3.2.2026;2025-08-22_13-54_Par_Re Soittopyyntö K-Autoon.eml;.eml;66.31;2026-03-23 13:44:22;2026-03-23 13:45:25;C:\Users\HP\Desktop\Kesko vastaus 3.2.2026\Chronological_Logs\2025-08-22_13-54_Par_Re Soittopyyntö K-Autoon.eml
Kesko vastaus 3.2.2026;2025-08-25_11-23_Fox_Ramis Coffeen vastaus.eml;.eml;1216.74;2026-03-23 13:40:13;2026-03-23 13:40:50;C:\Users\HP\Desktop\Kesko vastaus 3.2.2026\Chronological_Logs\2025-08-25_11-23_Fox_Ramis Coffeen vastaus.eml
Kesko vastaus 3.2.2026;2025-08-25_21-03_Fox_Re Ramis Coffeen vastaus.eml;.eml;5.48;2026-03-23 13:41:19;2026-03-23 13:41:45;C:\Users\HP\Desktop\Kesko vastaus 3.2.2026\Chronological_Logs\2025-08-25_21-03_Fox_Re Ramis Coffeen vastaus.eml
Kesko vastaus 3.2.2026;2025-08-26_09-56_Fox_Nimetön.eml;.eml;21.39;2026-03-23 13:42:43;2026-03-23 13:42:45;C:\Users\HP\Desktop\Kesko vastaus 3.2.2026\Chronological_Logs\2025-08-26_09-56_Fox_Nimetön.eml
Kesko vastaus 3.2.2026;2025-08-26_11-57_Fox_Re Ramis Coffeen vastaus.eml;.eml;174.85;2026-03-23 13:41:19;2026-03-23 13:41:20;C:\Users\HP\Desktop\Kesko vastaus 3.2.2026\Chronological_Logs\2025-08-26_11-57_Fox_Re Ramis Coffeen vastaus.eml
Kesko vastaus 3.2.2026;2025-08-31_16-17_Fox_Re Kiitos kun verkostoiduit kanssamme.eml;.eml;24.27;2026-03-23 13:41:19;2026-03-23 13:41:20;C:\Users\HP\Desktop\Kesko vastaus 3.2.2026\Chronological_Logs\2025-08-31_16-17_Fox_Re Kiitos kun verkostoiduit kanssamme.eml
Kesko vastaus 3.2.2026;2025-09-02_17-21_Fox_Santander rikkoo lakia toistamiseen..eml;.eml;27.94;2026-03-23 13:41:19;2026-03-23 13:41:19;C:\Users\HP\Desktop\Kesko vastaus 3.2.2026\Chronological_Logs\2025-09-02_17-21_Fox_Santander rikkoo lakia toistamiseen..eml
Kesko vastaus 3.2.2026;2025-09-04_13-06_Par_D1468332025 LisäselvityspyyntöTÄYDENNYS.eml;.eml;5.06;2026-03-23 13:42:56;2026-03-23 13:43:08;C:\Users\HP\Desktop\Kesko vastaus 3.2.2026\Chronological_Logs\2025-09-04_13-06_Par_D1468332025 LisäselvityspyyntöTÄYDENNYS.eml
Kesko vastaus 3.2.2026;2025-09-04_14-11_Par_Re D1468332025 LisäselvityspyyntöTÄYDENNYS.eml;.eml;2420.64;2026-03-23 13:44:22;2026-03-23 13:45:24;C:\Users\HP\Desktop\Kesko vastaus 3.2.2026\Chronological_Logs\2025-09-04_14-11_Par_Re D1468332025 LisäselvityspyyntöTÄYDENNYS.eml
Kesko vastaus 3.2.2026;2025-09-05_13-48_Fox_Audi Q7 e-Tron 99 000  takuukorjauksia mutta auto .eml;.eml;2011.3;2026-03-23 13:41:19;2026-03-23 13:41:44;C:\Users\HP\Desktop\Kesko vastaus 3.2.2026\Chronological_Logs\2025-09-05_13-48_Fox_Audi Q7 e-Tron 99 000  takuukorjauksia mutta auto .eml
Kesko vastaus 3.2.2026;2025-09-08_04-58_Fox_Audi Q7 e-tron  vakava asiakas- ja vastuuasia K-Au.eml;.eml;52.54;2026-03-23 13:41:19;2026-03-23 13:41:20;C:\Users\HP\Desktop\Kesko vastaus 3.2.2026\Chronological_Logs\2025-09-08_04-58_Fox_Audi Q7 e-tron  vakava asiakas- ja vastuuasia K-Au.eml
Kesko vastaus 3.2.2026;2025-09-08_13-47_Fox_Vahvistus toimeksiannosta.eml;.eml;26.28;2026-03-23 13:40:13;2026-03-23 13:40:50;C:\Users\HP\Desktop\Kesko vastaus 3.2.2026\Chronological_Logs\2025-09-08_13-47_Fox_Vahvistus toimeksiannosta.eml
Kesko vastaus 3.2.2026;2025-09-08_15-27_Par_Re D1468332025 LisäselvityspyyntöTÄYDENNYS  UUSI T.eml;.eml;5.23;2026-03-23 13:44:22;2026-03-23 13:45:24;C:\Users\HP\Desktop\Kesko vastaus 3.2.2026\Chronological_Logs\2025-09-08_15-27_Par_Re D1468332025 LisäselvityspyyntöTÄYDENNYS  UUSI T.eml
Kesko vastaus 3.2.2026;2025-09-09_17-13_Fox_Audi-Case.eml;.eml;2185.79;2026-03-23 13:40:15;2026-03-23 13:51:21;C:\Users\HP\Desktop\Kesko vastaus 3.2.2026\Chronological_Logs\2025-09-09_17-13_Fox_Audi-Case.eml
Kesko vastaus 3.2.2026;2025-09-10_17-13_Fox_Re Final Clarification of Your Concern.eml;.eml;17.64;2026-03-23 13:41:20;2026-03-23 13:41:44;C:\Users\HP\Desktop\Kesko vastaus 3.2.2026\Chronological_Logs\2025-09-10_17-13_Fox_Re Final Clarification of Your Concern.eml
Kesko vastaus 3.2.2026;2025-09-12_16-08_Par_VS Soittopyyntö K-Autoon.eml;.eml;125.9;2026-03-23 13:42:56;2026-03-23 13:43:09;C:\Users\HP\Desktop\Kesko vastaus 3.2.2026\Chronological_Logs\2025-09-12_16-08_Par_VS Soittopyyntö K-Autoon.eml
Kesko vastaus 3.2.2026;2025-09-12_16-30_Par_Automaattinen vastaus VS Soittopyyntö K-Autoon.eml;.eml;19.08;2026-03-23 13:42:56;2026-03-23 13:43:09;C:\Users\HP\Desktop\Kesko vastaus 3.2.2026\Chronological_Logs\2025-09-12_16-30_Par_Automaattinen vastaus VS Soittopyyntö K-Autoon.eml
Kesko vastaus 3.2.2026;2025-09-12_16-30_Par_Re VS Soittopyyntö K-Autoon.eml;.eml;74.43;2026-03-23 13:44:22;2026-03-23 13:45:24;C:\Users\HP\Desktop\Kesko vastaus 3.2.2026\Chronological_Logs\2025-09-12_16-30_Par_Re VS Soittopyyntö K-Autoon.eml
Kesko vastaus 3.2.2026;2025-09-15_14-59_Fox_Re Vahvistus toimeksiannosta  Kaprio - Karvonen.eml;.eml;1257.94;2026-03-23 13:40:13;2026-03-23 13:40:58;C:\Users\HP\Desktop\Kesko vastaus 3.2.2026\Chronological_Logs\2025-09-15_14-59_Fox_Re Vahvistus toimeksiannosta  Kaprio - Karvonen.eml
Kesko vastaus 3.2.2026;2025-09-15_15-13_Par_Fwd VS Soittopyyntö K-Autoon.eml;.eml;10.07;2026-03-23 13:44:34;2026-03-23 13:44:47;C:\Users\HP\Desktop\Kesko vastaus 3.2.2026\Chronological_Logs\2025-09-15_15-13_Par_Fwd VS Soittopyyntö K-Autoon.eml
Kesko vastaus 3.2.2026;2025-09-15_15-18_Par_Fwd Re VS Soittopyyntö K-Autoon  Kaprio - Karvonen.eml;.eml;11.28;2026-03-23 13:44:22;2026-03-23 13:45:24;C:\Users\HP\Desktop\Kesko vastaus 3.2.2026\Chronological_Logs\2025-09-15_15-18_Par_Fwd Re VS Soittopyyntö K-Autoon  Kaprio - Karvonen.eml
Kesko vastaus 3.2.2026;2025-09-15_15-20_Par_Fwd HÄTÄTIEDOTE  VÄLITÖN PALOTURVALLISUUSUHKA   Ka.eml;.eml;3.65;2026-03-23 13:44:22;2026-03-23 13:45:23;C:\Users\HP\Desktop\Kesko vastaus 3.2.2026\Chronological_Logs\2025-09-15_15-20_Par_Fwd HÄTÄTIEDOTE  VÄLITÖN PALOTURVALLISUUSUHKA   Ka.eml
Kesko vastaus 3.2.2026;2025-09-15_15-21_Par_Fwd D1468332025 Lisäselvitys Kapriolta  Korjauskus.eml;.eml;333.0;2026-03-23 13:44:22;2026-03-23 13:45:23;C:\Users\HP\Desktop\Kesko vastaus 3.2.2026\Chronological_Logs\2025-09-15_15-21_Par_Fwd D1468332025 Lisäselvitys Kapriolta  Korjauskus.eml
Kesko vastaus 3.2.2026;2025-09-15_15-27_Par_Fwd D1468332025  erillinen TIEDOKSIANTO Kuluttajar.eml;.eml;1374.61;2026-03-23 13:44:22;2026-03-23 13:45:20;C:\Users\HP\Desktop\Kesko vastaus 3.2.2026\Chronological_Logs\2025-09-15_15-27_Par_Fwd D1468332025  erillinen TIEDOKSIANTO Kuluttajar.eml
Kesko vastaus 3.2.2026;2025-09-15_15-29_Par_Fwd Re Asia D1468332025  Lisäliite jossa virallise.eml;.eml;1425.17;2026-03-23 13:44:23;2026-03-23 13:45:20;C:\Users\HP\Desktop\Kesko vastaus 3.2.2026\Chronological_Logs\2025-09-15_15-29_Par_Fwd Re Asia D1468332025  Lisäliite jossa virallise.eml
Kesko vastaus 3.2.2026;2025-09-15_15-35_Par_Fwd Ajoneuvon siirtopyyntö.eml;.eml;36.19;2026-03-23 13:44:23;2026-03-23 13:45:19;C:\Users\HP\Desktop\Kesko vastaus 3.2.2026\Chronological_Logs\2025-09-15_15-35_Par_Fwd Ajoneuvon siirtopyyntö.eml
Kesko vastaus 3.2.2026;2025-09-15_15-43_Par_Fwd RZS-139.eml;.eml;5.18;2026-03-23 13:44:23;2026-03-23 13:45:19;C:\Users\HP\Desktop\Kesko vastaus 3.2.2026\Chronological_Logs\2025-09-15_15-43_Par_Fwd RZS-139.eml
Kesko vastaus 3.2.2026;2025-09-15_15-47_Par_Fwd Re Ihr Audi Q7 e-tron  Markus Kaprio.eml;.eml;647.4;2026-03-23 13:44:23;2026-03-23 13:45:19;C:\Users\HP\Desktop\Kesko vastaus 3.2.2026\Chronological_Logs\2025-09-15_15-47_Par_Fwd Re Ihr Audi Q7 e-tron  Markus Kaprio.eml
Kesko vastaus 3.2.2026;2025-09-15_15-48_Par_Fwd Kesko Oyj Harri Spolanderin viralliset komment.eml;.eml;261.83;2026-03-23 13:44:23;2026-03-23 13:45:19;C:\Users\HP\Desktop\Kesko vastaus 3.2.2026\Chronological_Logs\2025-09-15_15-48_Par_Fwd Kesko Oyj Harri Spolanderin viralliset komment.eml
Kesko vastaus 3.2.2026;2025-09-15_15-50_Par_Fwd Markus Kaprio - Täydennyspyyntö 12 materiaalil.eml;.eml;15900.3;2026-03-23 13:44:24;2026-03-23 13:45:17;C:\Users\HP\Desktop\Kesko vastaus 3.2.2026\Chronological_Logs\2025-09-15_15-50_Par_Fwd Markus Kaprio - Täydennyspyyntö 12 materiaalil.eml
Kesko vastaus 3.2.2026;2025-09-15_15-51_Par_Fwd Re Fwd Tietopyyntö Pörhön Autoliike Oy 27.2.20.eml;.eml;48.23;2026-03-23 13:44:25;2026-03-23 13:45:16;C:\Users\HP\Desktop\Kesko vastaus 3.2.2026\Chronological_Logs\2025-09-15_15-51_Par_Fwd Re Fwd Tietopyyntö Pörhön Autoliike Oy 27.2.20.eml
Kesko vastaus 3.2.2026;2025-09-15_15-54_Par_Fwd Audi Q7 e-tron -tapauksen oikeudellinen tilann.eml;.eml;4656.79;2026-03-23 13:44:25;2026-03-23 13:45:16;C:\Users\HP\Desktop\Kesko vastaus 3.2.2026\Chronological_Logs\2025-09-15_15-54_Par_Fwd Audi Q7 e-tron -tapauksen oikeudellinen tilann.eml
Kesko vastaus 3.2.2026;2025-09-15_15-56_Par_Fwd Tärkeä uusi tieto Markus  Heidi Q7 e-Tron.eml;.eml;2.82;2026-03-23 13:44:26;2026-03-23 13:45:15;C:\Users\HP\Desktop\Kesko vastaus 3.2.2026\Chronological_Logs\2025-09-15_15-56_Par_Fwd Tärkeä uusi tieto Markus  Heidi Q7 e-Tron.eml
Kesko vastaus 3.2.2026;2025-09-15_15-58_Par_Fwd Valitus Johanna Alin toiminnasta  K-Auto Oy Co.eml;.eml;16424.31;2026-03-23 13:44:27;2026-03-23 13:45:14;C:\Users\HP\Desktop\Kesko vastaus 3.2.2026\Chronological_Logs\2025-09-15_15-58_Par_Fwd Valitus Johanna Alin toiminnasta  K-Auto Oy Co.eml
Kesko vastaus 3.2.2026;2025-09-15_16-01_Par_Fwd Re Reklamaatio.eml;.eml;7.08;2026-03-23 13:44:28;2026-03-23 13:45:14;C:\Users\HP\Desktop\Kesko vastaus 3.2.2026\Chronological_Logs\2025-09-15_16-01_Par_Fwd Re Reklamaatio.eml
Kesko vastaus 3.2.2026;2025-09-15_16-03_Par_Fwd Urgent Update    Audi Q7 e-tron VIN WAUZZZ4M4J.eml;.eml;201.39;2026-03-23 13:44:29;2026-03-23 13:45:14;C:\Users\HP\Desktop\Kesko vastaus 3.2.2026\Chronological_Logs\2025-09-15_16-03_Par_Fwd Urgent Update    Audi Q7 e-tron VIN WAUZZZ4M4J.eml
Kesko vastaus 3.2.2026;2025-09-15_16-07_Par_Fwd Re Fwd Uusi viesti lomakkeesta Ota yhteyttä - .eml;.eml;8.81;2026-03-23 13:44:29;2026-03-23 13:45:13;C:\Users\HP\Desktop\Kesko vastaus 3.2.2026\Chronological_Logs\2025-09-15_16-07_Par_Fwd Re Fwd Uusi viesti lomakkeesta Ota yhteyttä - .eml
Kesko vastaus 3.2.2026;2025-09-15_16-10_Par_Fwd Reklamaatio Keminmaan Pörhön huollosta sekä la.eml;.eml;2031.72;2026-03-23 13:44:29;2026-03-23 13:45:13;C:\Users\HP\Desktop\Kesko vastaus 3.2.2026\Chronological_Logs\2025-09-15_16-10_Par_Fwd Reklamaatio Keminmaan Pörhön huollosta sekä la.eml
Kesko vastaus 3.2.2026;2025-09-15_16-34_Fox_Fwd Ramis Coffeen vastaus.eml;.eml;1212.88;2026-03-23 13:40:13;2026-03-23 13:40:13;C:\Users\HP\Desktop\Kesko vastaus 3.2.2026\Chronological_Logs\2025-09-15_16-34_Fox_Fwd Ramis Coffeen vastaus.eml
Kesko vastaus 3.2.2026;2025-09-15_16-41_Fox_Fwd Tiedoksi.eml;.eml;32.09;2026-03-23 13:41:20;2026-03-23 13:41:44;C:\Users\HP\Desktop\Kesko vastaus 3.2.2026\Chronological_Logs\2025-09-15_16-41_Fox_Fwd Tiedoksi.eml
Kesko vastaus 3.2.2026;2025-09-15_16-48_Par_Fwd Yhteydenottoosi liittyen CRM00016400108.eml;.eml;2.82;2026-03-23 13:44:29;2026-03-23 13:45:13;C:\Users\HP\Desktop\Kesko vastaus 3.2.2026\Chronological_Logs\2025-09-15_16-48_Par_Fwd Yhteydenottoosi liittyen CRM00016400108.eml
Kesko vastaus 3.2.2026;2025-09-15_16-50_Par_Fwd Yhteydenottonne CRM00071000216.eml;.eml;1.9;2026-03-23 13:44:29;2026-03-23 13:44:58;C:\Users\HP\Desktop\Kesko vastaus 3.2.2026\Chronological_Logs\2025-09-15_16-50_Par_Fwd Yhteydenottonne CRM00071000216.eml
Kesko vastaus 3.2.2026;2025-09-15_16-52_Par_Fwd Re Ilmoitus asian etenemisestä tietosuojavaltu.eml;.eml;8.07;2026-03-23 13:44:29;2026-03-23 13:44:58;C:\Users\HP\Desktop\Kesko vastaus 3.2.2026\Chronological_Logs\2025-09-15_16-52_Par_Fwd Re Ilmoitus asian etenemisestä tietosuojavaltu.eml
Kesko vastaus 3.2.2026;2025-09-15_16-54_Par_Fwd Tietopyyntö Pörhön Autoliike Oy 27.2.2025.eml;.eml;62.47;2026-03-23 13:44:29;2026-03-23 13:44:58;C:\Users\HP\Desktop\Kesko vastaus 3.2.2026\Chronological_Logs\2025-09-15_16-54_Par_Fwd Tietopyyntö Pörhön Autoliike Oy 27.2.2025.eml
Kesko vastaus 3.2.2026;2025-09-15_17-57_Par_Fwd Re VS RZS-139  WAUZZZ4M4JD052978.eml;.eml;602.05;2026-03-23 13:44:29;2026-03-23 13:44:58;C:\Users\HP\Desktop\Kesko vastaus 3.2.2026\Chronological_Logs\2025-09-15_17-57_Par_Fwd Re VS RZS-139  WAUZZZ4M4JD052978.eml
Kesko vastaus 3.2.2026;2025-09-15_18-01_Par_Fwd VS VS RZS-139  WAUZZZ4M4JD052978.eml;.eml;23.92;2026-03-23 13:44:29;2026-03-23 13:44:57;C:\Users\HP\Desktop\Kesko vastaus 3.2.2026\Chronological_Logs\2025-09-15_18-01_Par_Fwd VS VS RZS-139  WAUZZZ4M4JD052978.eml
Kesko vastaus 3.2.2026;2025-09-17_14-13_Fox_Fwd AUDI Q7 e-tron RZS-139 Kaupanpurku-ilmoitus Ra.eml;.eml;3983.69;2026-03-23 13:40:12;2026-03-23 13:41:03;C:\Users\HP\Desktop\Kesko vastaus 3.2.2026\Chronological_Logs\2025-09-17_14-13_Fox_Fwd AUDI Q7 e-tron RZS-139 Kaupanpurku-ilmoitus Ra.eml
Kesko vastaus 3.2.2026;2025-09-17_14-39_Fox_RZS-139 vakuutustiedot ja auton pitkät seisonta-aj.eml;.eml;4.81;2026-03-23 13:41:20;2026-03-23 13:41:44;C:\Users\HP\Desktop\Kesko vastaus 3.2.2026\Chronological_Logs\2025-09-17_14-39_Fox_RZS-139 vakuutustiedot ja auton pitkät seisonta-aj.eml
Kesko vastaus 3.2.2026;2025-09-17_14-41_Fox_Fwd RZS-139 vakuutustiedot ja auton pitkät seisont.eml;.eml;9.1;2026-03-23 13:41:20;2026-03-23 13:41:43;C:\Users\HP\Desktop\Kesko vastaus 3.2.2026\Chronological_Logs\2025-09-17_14-41_Fox_Fwd RZS-139 vakuutustiedot ja auton pitkät seisont.eml
Kesko vastaus 3.2.2026;2025-09-18_13-12_Fox_VS RZS-139 vakuutustiedot ja auton pitkät seisonta.eml;.eml;28.18;2026-03-23 13:40:13;2026-03-23 13:40:50;C:\Users\HP\Desktop\Kesko vastaus 3.2.2026\Chronological_Logs\2025-09-18_13-12_Fox_VS RZS-139 vakuutustiedot ja auton pitkät seisonta.eml
Kesko vastaus 3.2.2026;2025-09-18_16-46_Fox_Re VS RZS-139 vakuutustiedot ja auton pitkät seiso.eml;.eml;24.16;2026-03-23 13:41:20;2026-03-23 13:41:43;C:\Users\HP\Desktop\Kesko vastaus 3.2.2026\Chronological_Logs\2025-09-18_16-46_Fox_Re VS RZS-139 vakuutustiedot ja auton pitkät seiso.eml
Kesko vastaus 3.2.2026;2025-09-18_16-58_Fox_Fwd Re VS RZS-139 vakuutustiedot ja auton pitkät s.eml;.eml;26.78;2026-03-23 13:41:20;2026-03-23 13:41:43;C:\Users\HP\Desktop\Kesko vastaus 3.2.2026\Chronological_Logs\2025-09-18_16-58_Fox_Fwd Re VS RZS-139 vakuutustiedot ja auton pitkät s.eml
Kesko vastaus 3.2.2026;2025-09-22_08-03_Fox_VS VS RZS-139 vakuutustiedot ja auton pitkät seiso.eml;.eml;55.26;2026-03-23 13:40:13;2026-03-23 13:40:50;C:\Users\HP\Desktop\Kesko vastaus 3.2.2026\Chronological_Logs\2025-09-22_08-03_Fox_VS VS RZS-139 vakuutustiedot ja auton pitkät seiso.eml
Kesko vastaus 3.2.2026;2025-09-22_12-16_Fox_Re VS VS RZS-139 vakuutustiedot ja auton pitkät se.eml;.eml;1116.19;2026-03-23 13:41:21;2026-03-23 13:41:43;C:\Users\HP\Desktop\Kesko vastaus 3.2.2026\Chronological_Logs\2025-09-22_12-16_Fox_Re VS VS RZS-139 vakuutustiedot ja auton pitkät se.eml
Kesko vastaus 3.2.2026;2025-09-26_14-18_Fox_Fennian kaskovakuutuksen tiedote.eml;.eml;21.58;2026-03-23 13:40:13;2026-03-23 13:40:50;C:\Users\HP\Desktop\Kesko vastaus 3.2.2026\Chronological_Logs\2025-09-26_14-18_Fox_Fennian kaskovakuutuksen tiedote.eml
Kesko vastaus 3.2.2026;2025-09-26_16-45_Fox_Re Fennian kaskovakuutuksen tiedote.eml;.eml;10.64;2026-03-23 13:41:21;2026-03-23 13:41:42;C:\Users\HP\Desktop\Kesko vastaus 3.2.2026\Chronological_Logs\2025-09-26_16-45_Fox_Re Fennian kaskovakuutuksen tiedote.eml
Kesko vastaus 3.2.2026;2025-10-06_10-21_Fox_Re VS Audi Q7 e-tron -kysymyksenne.eml;.eml;568.08;2026-03-23 13:41:21;2026-03-23 13:41:42;C:\Users\HP\Desktop\Kesko vastaus 3.2.2026\Chronological_Logs\2025-10-06_10-21_Fox_Re VS Audi Q7 e-tron -kysymyksenne.eml
Kesko vastaus 3.2.2026;2025-10-07_11-32_Fox_Oma alustava yhteenveto Pörhö ja K-Auto  Kaprio - .eml;.eml;49.17;2026-03-23 13:41:23;2026-03-23 13:41:40;C:\Users\HP\Desktop\Kesko vastaus 3.2.2026\Chronological_Logs\2025-10-07_11-32_Fox_Oma alustava yhteenveto Pörhö ja K-Auto  Kaprio - .eml
Kesko vastaus 3.2.2026;2025-10-07_13-34_Fox_Fwd Audin huoltohistoria.eml;.eml;1573.74;2026-03-23 13:42:43;2026-03-23 13:42:44;C:\Users\HP\Desktop\Kesko vastaus 3.2.2026\Chronological_Logs\2025-10-07_13-34_Fox_Fwd Audin huoltohistoria.eml
Kesko vastaus 3.2.2026;2025-10-07_14-10_Fox_Case Markus Kaprio - Laura Karvonen.eml;.eml;5882.11;2026-03-23 13:41:22;2026-03-23 13:41:41;C:\Users\HP\Desktop\Kesko vastaus 3.2.2026\Chronological_Logs\2025-10-07_14-10_Fox_Case Markus Kaprio - Laura Karvonen.eml
Kesko vastaus 3.2.2026;2025-10-07_15-11_Fox_Lisäys alustavaan yhteenvetoon Kaprio - Laura.eml;.eml;1373.89;2026-03-23 13:41:23;2026-03-23 13:41:39;C:\Users\HP\Desktop\Kesko vastaus 3.2.2026\Chronological_Logs\2025-10-07_15-11_Fox_Lisäys alustavaan yhteenvetoon Kaprio - Laura.eml
Kesko vastaus 3.2.2026;2025-10-07_15-24_Fox_Case Kaprio - Laura.eml;.eml;53.38;2026-03-23 13:41:23;2026-03-23 13:41:38;C:\Users\HP\Desktop\Kesko vastaus 3.2.2026\Chronological_Logs\2025-10-07_15-24_Fox_Case Kaprio - Laura.eml
Kesko vastaus 3.2.2026;2025-10-10_03-50_Fox_Pohdintaa meidän akkuvikaisesta autosta päätös rik.eml;.eml;45.71;2026-03-23 13:41:23;2026-03-23 13:41:38;C:\Users\HP\Desktop\Kesko vastaus 3.2.2026\Chronological_Logs\2025-10-10_03-50_Fox_Pohdintaa meidän akkuvikaisesta autosta päätös rik.eml
Kesko vastaus 3.2.2026;2025-10-11_13-13_Par_Fwd Re Päivitys Audi RZS-139 tilanteeseen  Kaprio.eml;.eml;134.14;2026-03-23 13:44:29;2026-03-23 13:44:57;C:\Users\HP\Desktop\Kesko vastaus 3.2.2026\Chronological_Logs\2025-10-11_13-13_Par_Fwd Re Päivitys Audi RZS-139 tilanteeseen  Kaprio.eml
Kesko vastaus 3.2.2026;2025-10-12_15-33_Fox_Akuston jäähdytysjärjestelmän puutteellinen suunni.eml;.eml;712.93;2026-03-23 13:41:23;2026-03-23 13:41:38;C:\Users\HP\Desktop\Kesko vastaus 3.2.2026\Chronological_Logs\2025-10-12_15-33_Fox_Akuston jäähdytysjärjestelmän puutteellinen suunni.eml
Kesko vastaus 3.2.2026;2025-10-13_05-00_Fox_Teemu Huhta and 6 others commented on your post..eml;.eml;41.16;2026-03-23 13:42:25;2026-03-23 13:42:38;C:\Users\HP\Desktop\Kesko vastaus 3.2.2026\Chronological_Logs\2025-10-13_05-00_Fox_Teemu Huhta and 6 others commented on your post..eml
Kesko vastaus 3.2.2026;2025-10-13_14-50_Fox_VS Akuston jäähdytysjärjestelmän puutteellinen suu.eml;.eml;49.93;2026-03-23 13:40:13;2026-03-23 13:40:49;C:\Users\HP\Desktop\Kesko vastaus 3.2.2026\Chronological_Logs\2025-10-13_14-50_Fox_VS Akuston jäähdytysjärjestelmän puutteellinen suu.eml
Kesko vastaus 3.2.2026;2025-10-13_15-13_Fox_Re VS Akustonjäähdytysjärjestelmänpuutteellinen su.eml;.eml;39.89;2026-03-23 13:42:26;2026-03-23 13:42:38;C:\Users\HP\Desktop\Kesko vastaus 3.2.2026\Chronological_Logs\2025-10-13_15-13_Fox_Re VS Akustonjäähdytysjärjestelmänpuutteellinen su.eml
Kesko vastaus 3.2.2026;2025-10-14_17-51_Fox_Markus your posts got 12540 impressions last week.eml;.eml;45.75;2026-03-23 13:42:28;2026-03-23 13:42:37;C:\Users\HP\Desktop\Kesko vastaus 3.2.2026\Chronological_Logs\2025-10-14_17-51_Fox_Markus your posts got 12540 impressions last week.eml
Kesko vastaus 3.2.2026;2025-10-16_10-45_Fox_Laatu on menestyksen ja kasvun perusta.eml;.eml;61.5;2026-03-23 13:42:27;2026-03-23 13:42:37;C:\Users\HP\Desktop\Kesko vastaus 3.2.2026\Chronological_Logs\2025-10-16_10-45_Fox_Laatu on menestyksen ja kasvun perusta.eml
Kesko vastaus 3.2.2026;2025-10-17_06-48_Fox_VS AUDI AG ja takaisinkutsu.eml;.eml;21.79;2026-03-23 13:40:13;2026-03-23 13:40:49;C:\Users\HP\Desktop\Kesko vastaus 3.2.2026\Chronological_Logs\2025-10-17_06-48_Fox_VS AUDI AG ja takaisinkutsu.eml
Kesko vastaus 3.2.2026;2025-10-17_10-37_Fox_Re VS AUDI AG ja takaisinkutsu.eml;.eml;350.27;2026-03-23 13:42:44;2026-03-23 13:42:44;C:\Users\HP\Desktop\Kesko vastaus 3.2.2026\Chronological_Logs\2025-10-17_10-37_Fox_Re VS AUDI AG ja takaisinkutsu.eml
Kesko vastaus 3.2.2026;2025-10-17_11-11_Fox_Re VS AUDI AG ja takaisinkutsu.eml;.eml;351.86;2026-03-23 13:41:23;2026-03-23 13:41:37;C:\Users\HP\Desktop\Kesko vastaus 3.2.2026\Chronological_Logs\2025-10-17_11-11_Fox_Re VS AUDI AG ja takaisinkutsu.eml
Kesko vastaus 3.2.2026;2025-10-17_11-48_Fox_Pyyntö vastuunkannosta ja ratkaisusta  Audi Q7 e-t.eml;.eml;354.06;2026-03-23 13:41:23;2026-03-23 13:41:37;C:\Users\HP\Desktop\Kesko vastaus 3.2.2026\Chronological_Logs\2025-10-17_11-48_Fox_Pyyntö vastuunkannosta ja ratkaisusta  Audi Q7 e-t.eml
Kesko vastaus 3.2.2026;2025-10-18_01-00_Fox_Akkuauto and 82 others commented on your post..eml;.eml;43.71;2026-03-23 13:42:27;2026-03-23 13:42:37;C:\Users\HP\Desktop\Kesko vastaus 3.2.2026\Chronological_Logs\2025-10-18_01-00_Fox_Akkuauto and 82 others commented on your post..eml
Kesko vastaus 3.2.2026;2025-10-21_13-00_Fox_Markus your posts got 45139 impressions last week.eml;.eml;45.77;2026-03-23 13:42:27;2026-03-23 13:42:37;C:\Users\HP\Desktop\Kesko vastaus 3.2.2026\Chronological_Logs\2025-10-21_13-00_Fox_Markus your posts got 45139 impressions last week.eml
Kesko vastaus 3.2.2026;2025-10-24_10-28_Fox_Re Final Assessment of Your Concern by AUDI AG.eml;.eml;18.25;2026-03-23 13:41:24;2026-03-23 13:41:37;C:\Users\HP\Desktop\Kesko vastaus 3.2.2026\Chronological_Logs\2025-10-24_10-28_Fox_Re Final Assessment of Your Concern by AUDI AG.eml
Kesko vastaus 3.2.2026;2025-10-24_10-30_Fox_Fwd Final Assessment of Your Concern by AUDI AG.eml;.eml;16.64;2026-03-23 13:41:24;2026-03-23 13:41:37;C:\Users\HP\Desktop\Kesko vastaus 3.2.2026\Chronological_Logs\2025-10-24_10-30_Fox_Fwd Final Assessment of Your Concern by AUDI AG.eml
Kesko vastaus 3.2.2026;2025-10-24_13-28_Fox_VS Final Assessment of Your Concern by AUDI AG.eml;.eml;42.49;2026-03-23 13:40:13;2026-03-23 13:40:49;C:\Users\HP\Desktop\Kesko vastaus 3.2.2026\Chronological_Logs\2025-10-24_13-28_Fox_VS Final Assessment of Your Concern by AUDI AG.eml
Kesko vastaus 3.2.2026;2025-10-24_17-27_Fox_Re VS Final Assessment of Your Concern by AUDI AG.eml;.eml;30.76;2026-03-23 13:41:24;2026-03-23 13:41:37;C:\Users\HP\Desktop\Kesko vastaus 3.2.2026\Chronological_Logs\2025-10-24_17-27_Fox_Re VS Final Assessment of Your Concern by AUDI AG.eml
Kesko vastaus 3.2.2026;2025-10-26_18-26_Fox_Takaisinkutsu ja oma Trafi- ja AUDI AG selvitys..eml;.eml;306.74;2026-03-23 13:41:24;2026-03-23 13:41:36;C:\Users\HP\Desktop\Kesko vastaus 3.2.2026\Chronological_Logs\2025-10-26_18-26_Fox_Takaisinkutsu ja oma Trafi- ja AUDI AG selvitys..eml
Kesko vastaus 3.2.2026;2025-10-26_18-36_Fox_OTSIKKO KRIITTINEN TURVALLISUUSTIETO  Rahoitetun a.eml;.eml;321.28;2026-03-23 13:42:44;2026-03-23 13:42:44;C:\Users\HP\Desktop\Kesko vastaus 3.2.2026\Chronological_Logs\2025-10-26_18-36_Fox_OTSIKKO KRIITTINEN TURVALLISUUSTIETO  Rahoitetun a.eml
Kesko vastaus 3.2.2026;2025-10-27_14-38_Fox_Fennia ja hinaustieto RZS-139.eml;.eml;23.48;2026-03-23 13:41:24;2026-03-23 13:41:36;C:\Users\HP\Desktop\Kesko vastaus 3.2.2026\Chronological_Logs\2025-10-27_14-38_Fox_Fennia ja hinaustieto RZS-139.eml
Kesko vastaus 3.2.2026;2025-10-29_15-02_Fox_scrummaster EXFO - Senior Software Engineer  Scrum.eml;.eml;151.45;2026-03-23 13:42:29;2026-03-23 13:42:37;C:\Users\HP\Desktop\Kesko vastaus 3.2.2026\Chronological_Logs\2025-10-29_15-02_Fox_scrummaster EXFO - Senior Software Engineer  Scrum.eml
Kesko vastaus 3.2.2026;2025-10-30_09-10_Fox_Brüchiger Bodensee-Frieden und Chipalarm in der Au.eml;.eml;68.79;2026-03-23 13:42:28;2026-03-23 13:42:37;C:\Users\HP\Desktop\Kesko vastaus 3.2.2026\Chronological_Logs\2025-10-30_09-10_Fox_Brüchiger Bodensee-Frieden und Chipalarm in der Au.eml
Kesko vastaus 3.2.2026;2025-11-03_07-20_Fox_Hinaus- ja takuukorjausten tiedot Pörhöltä.eml;.eml;424.32;2026-03-23 13:40:13;2026-03-23 13:40:49;C:\Users\HP\Desktop\Kesko vastaus 3.2.2026\Chronological_Logs\2025-11-03_07-20_Fox_Hinaus- ja takuukorjausten tiedot Pörhöltä.eml
Kesko vastaus 3.2.2026;2025-11-03_10-08_Fox_Re Hinaus- ja takuukorjausten tiedot Pörhöltä.eml;.eml;418.06;2026-03-23 13:41:24;2026-03-23 13:41:36;C:\Users\HP\Desktop\Kesko vastaus 3.2.2026\Chronological_Logs\2025-11-03_10-08_Fox_Re Hinaus- ja takuukorjausten tiedot Pörhöltä.eml
Kesko vastaus 3.2.2026;2025-11-03_16-17_Fox_Viime viikon mietintää ja yhteisen strategian suun.eml;.eml;13.72;2026-03-23 13:41:24;2026-03-23 13:41:36;C:\Users\HP\Desktop\Kesko vastaus 3.2.2026\Chronological_Logs\2025-11-03_16-17_Fox_Viime viikon mietintää ja yhteisen strategian suun.eml
Kesko vastaus 3.2.2026;2025-11-03_21-55_Par_Tiedoksi Samsungin akuista ja valmistusvirheestä.eml;.eml;97.03;2026-03-23 13:44:29;2026-03-23 13:44:57;C:\Users\HP\Desktop\Kesko vastaus 3.2.2026\Chronological_Logs\2025-11-03_21-55_Par_Tiedoksi Samsungin akuista ja valmistusvirheestä.eml
Kesko vastaus 3.2.2026;2025-11-17_16-16_Fox_Korjaamolta saadut vastaukset takuukorjausta koske.eml;.eml;24.26;2026-03-23 13:39:52;2026-03-23 13:39:53;C:\Users\HP\Desktop\Kesko vastaus 3.2.2026\Chronological_Logs\2025-11-17_16-16_Fox_Korjaamolta saadut vastaukset takuukorjausta koske.eml
Kesko vastaus 3.2.2026;2025-11-17_18-39_Fox_Re Korjaamolta saadut vastaukset takuukorjausta ko.eml;.eml;17.56;2026-03-23 13:41:34;2026-03-23 13:41:36;C:\Users\HP\Desktop\Kesko vastaus 3.2.2026\Chronological_Logs\2025-11-17_18-39_Fox_Re Korjaamolta saadut vastaukset takuukorjausta ko.eml
Kesko vastaus 3.2.2026;2025-12-04_08-12_Fox_Ringen um die Rollerkrone und wilde Wechselei in d.eml;.eml;64.43;2026-03-23 13:42:31;2026-03-23 13:42:37;C:\Users\HP\Desktop\Kesko vastaus 3.2.2026\Chronological_Logs\2025-12-04_08-12_Fox_Ringen um die Rollerkrone und wilde Wechselei in d.eml
Kesko vastaus 3.2.2026;2025-12-07_21-07_Fox_Audi Q7 e-tron RZS-139  Tilannekatsaus ja tietopyy.eml;.eml;24.69;2026-03-23 13:41:56;2026-03-23 13:46:42;C:\Users\HP\Desktop\Kesko vastaus 3.2.2026\Chronological_Logs\2025-12-07_21-07_Fox_Audi Q7 e-tron RZS-139  Tilannekatsaus ja tietopyy.eml
Kesko vastaus 3.2.2026;2025-12-12_16-15_Fox_VS Audi Q7 e-tron RZS-139  Tilannekatsaus ja tieto.eml;.eml;61.58;2026-03-23 13:40:13;2026-03-23 13:40:15;C:\Users\HP\Desktop\Kesko vastaus 3.2.2026\Chronological_Logs\2025-12-12_16-15_Fox_VS Audi Q7 e-tron RZS-139  Tilannekatsaus ja tieto.eml
Kesko vastaus 3.2.2026;2025-12-12_18-48_Fox_Re VS Audi Q7 e-tron RZS-139  Tilannekatsaus ja ti.eml;.eml;43.17;2026-03-23 13:41:56;2026-03-23 13:46:42;C:\Users\HP\Desktop\Kesko vastaus 3.2.2026\Chronological_Logs\2025-12-12_18-48_Fox_Re VS Audi Q7 e-tron RZS-139  Tilannekatsaus ja ti.eml
Kesko vastaus 3.2.2026;2025-12-15_19-37_Fox_Re VS Audi Q7 e-tron RZS-139  Tilannekatsaus ja ti.eml;.eml;50.1;2026-03-23 13:41:56;2026-03-23 13:46:42;C:\Users\HP\Desktop\Kesko vastaus 3.2.2026\Chronological_Logs\2025-12-15_19-37_Fox_Re VS Audi Q7 e-tron RZS-139  Tilannekatsaus ja ti.eml
Kesko vastaus 3.2.2026;2025-12-15_19-38_Fox_Fwd Re VS Audi Q7 e-tron RZS-139  Tilannekatsaus j.eml;.eml;53.59;2026-03-23 13:41:56;2026-03-23 13:46:41;C:\Users\HP\Desktop\Kesko vastaus 3.2.2026\Chronological_Logs\2025-12-15_19-38_Fox_Fwd Re VS Audi Q7 e-tron RZS-139  Tilannekatsaus j.eml
Kesko vastaus 3.2.2026;2025-12-17_15-41_Par_Toivotamme kaikille valoisaa joulumieltä.eml;.eml;41.19;2026-03-23 13:42:53;2026-03-23 13:43:10;C:\Users\HP\Desktop\Kesko vastaus 3.2.2026\Chronological_Logs\2025-12-17_15-41_Par_Toivotamme kaikille valoisaa joulumieltä.eml
Kesko vastaus 3.2.2026;2025-12-18_11-54_Fox_Audi Q7 e-tron  tilannepäivitys asiakirjat budjett.eml;.eml;11.45;2026-03-23 13:41:56;2026-03-23 13:46:41;C:\Users\HP\Desktop\Kesko vastaus 3.2.2026\Chronological_Logs\2025-12-18_11-54_Fox_Audi Q7 e-tron  tilannepäivitys asiakirjat budjett.eml
Kesko vastaus 3.2.2026;2025-12-19_17-15_Fox_VS Audi Q7 e-tron  tilannepäivitys asiakirjat budj.eml;.eml;954.09;2026-03-23 13:39:53;2026-03-23 13:39:54;C:\Users\HP\Desktop\Kesko vastaus 3.2.2026\Chronological_Logs\2025-12-19_17-15_Fox_VS Audi Q7 e-tron  tilannepäivitys asiakirjat budj.eml
Kesko vastaus 3.2.2026;2025-12-21_12-37_Fox_Re VS Audi Q7 e-tron  tilannepäivitys asiakirjat b.eml;.eml;935.93;2026-03-23 13:42:46;2026-03-23 13:43:12;C:\Users\HP\Desktop\Kesko vastaus 3.2.2026\Chronological_Logs\2025-12-21_12-37_Fox_Re VS Audi Q7 e-tron  tilannepäivitys asiakirjat b.eml
Kesko vastaus 3.2.2026;2025-12-21_13-26_Fox_Audi Q7 e-tron RZS-139  vikadiagnoosi ja kirjallin.eml;.eml;1546.87;2026-03-23 13:41:56;2026-03-23 13:46:41;C:\Users\HP\Desktop\Kesko vastaus 3.2.2026\Chronological_Logs\2025-12-21_13-26_Fox_Audi Q7 e-tron RZS-139  vikadiagnoosi ja kirjallin.eml
Kesko vastaus 3.2.2026;2025-12-21_13-27_Fox_Fwd Audi Q7 e-tron RZS-139  vikadiagnoosi ja kirja.eml;.eml;1551.08;2026-03-23 13:41:56;2026-03-23 13:46:40;C:\Users\HP\Desktop\Kesko vastaus 3.2.2026\Chronological_Logs\2025-12-21_13-27_Fox_Fwd Audi Q7 e-tron RZS-139  vikadiagnoosi ja kirja.eml
Kesko vastaus 3.2.2026;2025-12-23_05-10_Fox_Re Audi Q7 e-tron RZS-139  vikadiagnoosi ja kirjal.eml;.eml;35.03;2026-03-23 13:39:53;2026-03-23 13:39:54;C:\Users\HP\Desktop\Kesko vastaus 3.2.2026\Chronological_Logs\2025-12-23_05-10_Fox_Re Audi Q7 e-tron RZS-139  vikadiagnoosi ja kirjal.eml
Kesko vastaus 3.2.2026;2025-12-25_13-56_Fox_Re Audi Q7 e-tron RZS-139  vikadiagnoosi ja kirjal.eml;.eml;22.04;2026-03-23 13:41:57;2026-03-23 13:46:40;C:\Users\HP\Desktop\Kesko vastaus 3.2.2026\Chronological_Logs\2025-12-25_13-56_Fox_Re Audi Q7 e-tron RZS-139  vikadiagnoosi ja kirjal.eml
Kesko vastaus 3.2.2026;2025-12-25_14-57_Fox_AUDI Q7 - RZS 139 case..eml;.eml;3978.59;2026-03-23 13:41:57;2026-03-23 13:46:39;C:\Users\HP\Desktop\Kesko vastaus 3.2.2026\Chronological_Logs\2025-12-25_14-57_Fox_AUDI Q7 - RZS 139 case..eml
Kesko vastaus 3.2.2026;2025-12-27_21-06_Fox_Auton vikadiaknoosi.eml;.eml;19.94;2026-03-23 13:42:46;2026-03-23 13:43:12;C:\Users\HP\Desktop\Kesko vastaus 3.2.2026\Chronological_Logs\2025-12-27_21-06_Fox_Auton vikadiaknoosi.eml
Kesko vastaus 3.2.2026;2025-12-27_22-09_Fox_Puuttuva palanen Pörhöltä.eml;.eml;22.7;2026-03-23 13:41:57;2026-03-23 13:46:38;C:\Users\HP\Desktop\Kesko vastaus 3.2.2026\Chronological_Logs\2025-12-27_22-09_Fox_Puuttuva palanen Pörhöltä.eml
Kesko vastaus 3.2.2026;2025-12-30_17-47_Fox_VS AUDI Q7 - RZS 139 case..eml;.eml;70.35;2026-03-23 13:39:55;2026-03-23 13:39:55;C:\Users\HP\Desktop\Kesko vastaus 3.2.2026\Chronological_Logs\2025-12-30_17-47_Fox_VS AUDI Q7 - RZS 139 case..eml
Kesko vastaus 3.2.2026;2026-01-05_13-24_Fox_AUDI case nr.  BayLfD  Aktenzeichen 463710A.eml;.eml;50.61;2026-03-23 13:42:00;2026-03-23 13:46:38;C:\Users\HP\Desktop\Kesko vastaus 3.2.2026\Chronological_Logs\2026-01-05_13-24_Fox_AUDI case nr.  BayLfD  Aktenzeichen 463710A.eml
Kesko vastaus 3.2.2026;2026-01-05_13-32_Fox_Fwd AUDI case nr.  BayLfD  Aktenzeichen 463710A.eml;.eml;61.25;2026-03-23 13:42:00;2026-03-23 13:46:38;C:\Users\HP\Desktop\Kesko vastaus 3.2.2026\Chronological_Logs\2026-01-05_13-32_Fox_Fwd AUDI case nr.  BayLfD  Aktenzeichen 463710A.eml
Kesko vastaus 3.2.2026;2026-01-05_17-43_Fox_Re Fwd Lasku 1695523 Vastuu Services Oy.eml;.eml;40.06;2026-03-23 13:42:00;2026-03-23 13:46:38;C:\Users\HP\Desktop\Kesko vastaus 3.2.2026\Chronological_Logs\2026-01-05_17-43_Fox_Re Fwd Lasku 1695523 Vastuu Services Oy.eml
Kesko vastaus 3.2.2026;2026-01-06_11-00_Fox_You have an invitation.eml;.eml;95.5;2026-03-23 13:39:55;2026-03-23 13:39:56;C:\Users\HP\Desktop\Kesko vastaus 3.2.2026\Chronological_Logs\2026-01-06_11-00_Fox_You have an invitation.eml
Kesko vastaus 3.2.2026;2026-01-06_13-03_Fox_Audi Q7 e-Tron  Markus  Heidi Kaprio - asia..eml;.eml;16.29;2026-03-23 13:42:00;2026-03-23 13:46:38;C:\Users\HP\Desktop\Kesko vastaus 3.2.2026\Chronological_Logs\2026-01-06_13-03_Fox_Audi Q7 e-Tron  Markus  Heidi Kaprio - asia..eml
Kesko vastaus 3.2.2026;2026-01-06_19-13_Fox_Fwd Audi Q7 e-Tron  Markus  Heidi Kaprio - asia..eml;.eml;20.46;2026-03-23 13:42:00;2026-03-23 13:46:38;C:\Users\HP\Desktop\Kesko vastaus 3.2.2026\Chronological_Logs\2026-01-06_19-13_Fox_Fwd Audi Q7 e-Tron  Markus  Heidi Kaprio - asia..eml
Kesko vastaus 3.2.2026;2026-01-08_11-15_Par_Tervetuloa ammattilaisen aamuun 15.1.2026.eml;.eml;65.86;2026-03-23 13:42:54;2026-03-23 13:43:10;C:\Users\HP\Desktop\Kesko vastaus 3.2.2026\Chronological_Logs\2026-01-08_11-15_Par_Tervetuloa ammattilaisen aamuun 15.1.2026.eml
Kesko vastaus 3.2.2026;2026-01-08_11-30_Fox_VS AUDI case nr.  BayLfD  Aktenzeichen 463710A.eml;.eml;103.62;2026-03-23 13:39:55;2026-03-23 13:39:57;C:\Users\HP\Desktop\Kesko vastaus 3.2.2026\Chronological_Logs\2026-01-08_11-30_Fox_VS AUDI case nr.  BayLfD  Aktenzeichen 463710A.eml
Kesko vastaus 3.2.2026;2026-01-08_11-52_Fox_VS VS AUDI case nr.  BayLfD  Aktenzeichen 463710A.eml;.eml;116.88;2026-03-23 13:39:55;2026-03-23 13:39:57;C:\Users\HP\Desktop\Kesko vastaus 3.2.2026\Chronological_Logs\2026-01-08_11-52_Fox_VS VS AUDI case nr.  BayLfD  Aktenzeichen 463710A.eml
Kesko vastaus 3.2.2026;2026-01-08_13-40_Fox_Re VS AUDI case nr.  BayLfD  Aktenzeichen 463710A.eml;.eml;73.57;2026-03-23 13:42:00;2026-03-23 13:46:37;C:\Users\HP\Desktop\Kesko vastaus 3.2.2026\Chronological_Logs\2026-01-08_13-40_Fox_Re VS AUDI case nr.  BayLfD  Aktenzeichen 463710A.eml
Kesko vastaus 3.2.2026;2026-01-09_10-42_Fox_Selvityspyyntö rekisteröidyn oikeuksien toteutumis.eml;.eml;333.91;2026-03-23 13:42:00;2026-03-23 13:46:37;C:\Users\HP\Desktop\Kesko vastaus 3.2.2026\Chronological_Logs\2026-01-09_10-42_Fox_Selvityspyyntö rekisteröidyn oikeuksien toteutumis.eml
Kesko vastaus 3.2.2026;2026-01-09_12-18_Fox_Fwd AUDI case nr.  BayLfD  Aktenzeichen 463710A.eml;.eml;54.75;2026-03-23 13:42:00;2026-03-23 13:42:06;C:\Users\HP\Desktop\Kesko vastaus 3.2.2026\Chronological_Logs\2026-01-09_12-18_Fox_Fwd AUDI case nr.  BayLfD  Aktenzeichen 463710A.eml
Kesko vastaus 3.2.2026;2026-01-13_17-23_Fox_Re Fwd Lasku 1695523 Vastuu Services Oy.eml;.eml;62.21;2026-03-23 13:39:55;2026-03-23 13:39:56;C:\Users\HP\Desktop\Kesko vastaus 3.2.2026\Chronological_Logs\2026-01-13_17-23_Fox_Re Fwd Lasku 1695523 Vastuu Services Oy.eml
Kesko vastaus 3.2.2026;2026-01-13_21-18_Fox_Re Fwd Lasku 1695523 Vastuu Services Oy.eml;.eml;49.06;2026-03-23 13:42:04;2026-03-23 13:42:06;C:\Users\HP\Desktop\Kesko vastaus 3.2.2026\Chronological_Logs\2026-01-13_21-18_Fox_Re Fwd Lasku 1695523 Vastuu Services Oy.eml
Kesko vastaus 3.2.2026;2026-01-20_12-56_Fox_Yhteydenottonne 9.1.2026.eml;.eml;24.48;2026-03-23 13:39:56;2026-03-23 13:39:57;C:\Users\HP\Desktop\Kesko vastaus 3.2.2026\Chronological_Logs\2026-01-20_12-56_Fox_Yhteydenottonne 9.1.2026.eml
Kesko vastaus 3.2.2026;2026-01-20_15-24_Fox_Re Yhteydenottonne 9.1.2026.eml;.eml;21.26;2026-03-23 13:42:46;2026-03-23 13:43:12;C:\Users\HP\Desktop\Kesko vastaus 3.2.2026\Chronological_Logs\2026-01-20_15-24_Fox_Re Yhteydenottonne 9.1.2026.eml
Kesko vastaus 3.2.2026;2026-01-20_15-39_Fox_Re Yhteydenottonne 9.1.2026.eml;.eml;26.16;2026-03-23 13:42:06;2026-03-23 13:42:07;C:\Users\HP\Desktop\Kesko vastaus 3.2.2026\Chronological_Logs\2026-01-20_15-39_Fox_Re Yhteydenottonne 9.1.2026.eml
Kesko vastaus 3.2.2026;2026-01-26_11-21_Fox_TSV2682026 Lisätietopyyntö.eml;.eml;19.75;2026-03-23 13:39:57;2026-03-23 13:39:58;C:\Users\HP\Desktop\Kesko vastaus 3.2.2026\Chronological_Logs\2026-01-26_11-21_Fox_TSV2682026 Lisätietopyyntö.eml
Kesko vastaus 3.2.2026;2026-01-26_14-32_Fox_Re TSV2682026 Lisätietopyyntö.eml;.eml;19.09;2026-03-23 13:42:46;2026-03-23 13:43:12;C:\Users\HP\Desktop\Kesko vastaus 3.2.2026\Chronological_Logs\2026-01-26_14-32_Fox_Re TSV2682026 Lisätietopyyntö.eml
Kesko vastaus 3.2.2026;2026-01-26_15-37_Fox_Fwd Audi Q7 e-Tron  Markus  Heidi Kaprio - asia..eml;.eml;26.33;2026-03-23 13:42:06;2026-03-23 13:42:07;C:\Users\HP\Desktop\Kesko vastaus 3.2.2026\Chronological_Logs\2026-01-26_15-37_Fox_Fwd Audi Q7 e-Tron  Markus  Heidi Kaprio - asia..eml
Kesko vastaus 3.2.2026;2026-01-26_15-54_Fox_Fwd Audi Q7 e-Tron  Markus  Heidi Kaprio - asia..eml;.eml;29.85;2026-03-23 13:42:06;2026-03-23 13:42:07;C:\Users\HP\Desktop\Kesko vastaus 3.2.2026\Chronological_Logs\2026-01-26_15-54_Fox_Fwd Audi Q7 e-Tron  Markus  Heidi Kaprio - asia..eml
Kesko vastaus 3.2.2026;2026-01-26_18-51_Fox_Re TSV2682026 Lisätietopyyntö.eml;.eml;36.12;2026-03-23 13:42:06;2026-03-23 13:42:07;C:\Users\HP\Desktop\Kesko vastaus 3.2.2026\Chronological_Logs\2026-01-26_18-51_Fox_Re TSV2682026 Lisätietopyyntö.eml
Kesko vastaus 3.2.2026;2026-02-02_07-16_Fox_VS Audi Q7 e-Tron  Markus  Heidi Kaprio - asia..eml;.eml;142.18;2026-03-23 13:40:15;2026-03-23 13:40:48;C:\Users\HP\Desktop\Kesko vastaus 3.2.2026\Chronological_Logs\2026-02-02_07-16_Fox_VS Audi Q7 e-Tron  Markus  Heidi Kaprio - asia..eml
Kesko vastaus 3.2.2026;2026-02-02_10-33_Fox_Re VS Audi Q7 e-Tron  Markus  Heidi Kaprio - asia..eml;.eml;112.24;2026-03-23 13:42:07;2026-03-23 13:46:37;C:\Users\HP\Desktop\Kesko vastaus 3.2.2026\Chronological_Logs\2026-02-02_10-33_Fox_Re VS Audi Q7 e-Tron  Markus  Heidi Kaprio - asia..eml
Kesko vastaus 3.2.2026;2026-02-02_10-34_Fox_Fwd Re VS Audi Q7 e-Tron  Markus  Heidi Kaprio - a.eml;.eml;115.9;2026-03-23 13:42:07;2026-03-23 13:46:37;C:\Users\HP\Desktop\Kesko vastaus 3.2.2026\Chronological_Logs\2026-02-02_10-34_Fox_Fwd Re VS Audi Q7 e-Tron  Markus  Heidi Kaprio - a.eml
Kesko vastaus 3.2.2026;2026-02-02_14-13_Fox_Nimetön.eml;.eml;1058.88;2026-03-23 13:42:46;2026-03-23 13:43:11;C:\Users\HP\Desktop\Kesko vastaus 3.2.2026\Chronological_Logs\2026-02-02_14-13_Fox_Nimetön.eml
Kesko vastaus 3.2.2026;2026-02-02_16-08_Fox_RE VS Audi Q7 e-Tron  Markus  Heidi Kaprio - asia..eml;.eml;218.27;2026-03-23 13:39:57;2026-03-23 13:40:12;C:\Users\HP\Desktop\Kesko vastaus 3.2.2026\Chronological_Logs\2026-02-02_16-08_Fox_RE VS Audi Q7 e-Tron  Markus  Heidi Kaprio - asia..eml
Kesko vastaus 3.2.2026;2026-02-02_18-41_Fox_Kiitosviestistäsi Plussa-kortit ja -jäsenyys 46292.eml;.eml;15.53;2026-03-23 13:39:58;2026-03-23 13:40:11;C:\Users\HP\Desktop\Kesko vastaus 3.2.2026\Chronological_Logs\2026-02-02_18-41_Fox_Kiitosviestistäsi Plussa-kortit ja -jäsenyys 46292.eml
Kesko vastaus 3.2.2026;2026-02-02_18-59_Fox_Re VS Audi Q7 e-Tron  Markus  Heidi Kaprio - asia..eml;.eml;182.51;2026-03-23 13:42:07;2026-03-23 13:46:37;C:\Users\HP\Desktop\Kesko vastaus 3.2.2026\Chronological_Logs\2026-02-02_18-59_Fox_Re VS Audi Q7 e-Tron  Markus  Heidi Kaprio - asia..eml
Kesko vastaus 3.2.2026;2026-02-02_19-00_Fox_Fwd Re VS Audi Q7 e-Tron  Markus  Heidi Kaprio - a.eml;.eml;186.85;2026-03-23 13:42:07;2026-03-23 13:46:36;C:\Users\HP\Desktop\Kesko vastaus 3.2.2026\Chronological_Logs\2026-02-02_19-00_Fox_Fwd Re VS Audi Q7 e-Tron  Markus  Heidi Kaprio - a.eml
Kesko vastaus 3.2.2026;2026-02-03_10-32_Fox_Henkilötietojasi koskeva toimenpidepyyntö on käsit.eml;.eml;10.01;2026-03-23 13:39:58;2026-03-23 13:40:11;C:\Users\HP\Desktop\Kesko vastaus 3.2.2026\Chronological_Logs\2026-02-03_10-32_Fox_Henkilötietojasi koskeva toimenpidepyyntö on käsit.eml
Kesko vastaus 3.2.2026;2026-02-03_13-14_Fox_Fwd Re VS Audi Q7 e-Tron  Markus  Heidi Kaprio - a.eml;.eml;192.05;2026-03-23 13:42:07;2026-03-23 13:42:08;C:\Users\HP\Desktop\Kesko vastaus 3.2.2026\Chronological_Logs\2026-02-03_13-14_Fox_Fwd Re VS Audi Q7 e-Tron  Markus  Heidi Kaprio - a.eml
Kesko vastaus 3.2.2026;2026-02-03_13-14_Fox_Re VS Audi Q7 e-Tron  Markus  Heidi Kaprio - asia..eml;.eml;189.23;2026-03-23 13:42:07;2026-03-23 13:46:29;C:\Users\HP\Desktop\Kesko vastaus 3.2.2026\Chronological_Logs\2026-02-03_13-14_Fox_Re VS Audi Q7 e-Tron  Markus  Heidi Kaprio - asia..eml
Kesko vastaus 3.2.2026;2026-02-04_00-12_Fox_Lisävaatimus CRM00016400108 Kesko-konsernin käsitt.eml;.eml;125.14;2026-03-23 13:40:16;2026-03-23 13:40:37;C:\Users\HP\Desktop\Kesko vastaus 3.2.2026\Chronological_Logs\2026-02-04_00-12_Fox_Lisävaatimus CRM00016400108 Kesko-konsernin käsitt.eml
Kesko vastaus 3.2.2026;2026-02-04_00-39_Fox_TSVlle lause.eml;.eml;6.0;2026-03-23 13:39:58;2026-03-23 13:51:30;C:\Users\HP\Desktop\Kesko vastaus 3.2.2026\Chronological_Logs\2026-02-04_00-39_Fox_TSVlle lause.eml
Kesko vastaus 3.2.2026;2026-02-04_00-39_Par_TSVlle lause.eml;.eml;8.24;2026-03-23 13:42:55;2026-03-23 13:43:10;C:\Users\HP\Desktop\Kesko vastaus 3.2.2026\Chronological_Logs\2026-02-04_00-39_Par_TSVlle lause.eml
Kesko vastaus 3.2.2026;2026-02-04_08-39_Fox_Vastaus viestiisi Plussa-kortit ja -jäsenyys462920.eml;.eml;16.78;2026-03-23 13:39:58;2026-03-23 13:40:11;C:\Users\HP\Desktop\Kesko vastaus 3.2.2026\Chronological_Logs\2026-02-04_08-39_Fox_Vastaus viestiisi Plussa-kortit ja -jäsenyys462920.eml
Kesko vastaus 3.2.2026;2026-02-04_18-09_Fox_GDPR DSAR obstruction  safety-critical defect  lit.eml;.eml;2515.73;2026-03-23 13:40:16;2026-03-23 13:40:41;C:\Users\HP\Desktop\Kesko vastaus 3.2.2026\Chronological_Logs\2026-02-04_18-09_Fox_GDPR DSAR obstruction  safety-critical defect  lit.eml
Kesko vastaus 3.2.2026;2026-02-04_18-16_Fox_GDPR DSAR non-compliance  safety-critical defect  .eml;.eml;12.96;2026-03-23 13:40:16;2026-03-23 13:40:46;C:\Users\HP\Desktop\Kesko vastaus 3.2.2026\Chronological_Logs\2026-02-04_18-16_Fox_GDPR DSAR non-compliance  safety-critical defect  .eml
Kesko vastaus 3.2.2026;2026-02-04_18-16_Fox_Mail delivery failed returning message to sender.eml;.eml;15.09;2026-03-23 13:39:58;2026-03-23 13:40:11;C:\Users\HP\Desktop\Kesko vastaus 3.2.2026\Chronological_Logs\2026-02-04_18-16_Fox_Mail delivery failed returning message to sender.eml
Kesko vastaus 3.2.2026;2026-02-05_12-49_Fox_Ilmoitus ja arviointipyyntö Pörhön Autoliike Oy Ca.eml;.eml;1067.19;2026-03-23 13:40:16;2026-03-23 13:40:16;C:\Users\HP\Desktop\Kesko vastaus 3.2.2026\Chronological_Logs\2026-02-05_12-49_Fox_Ilmoitus ja arviointipyyntö Pörhön Autoliike Oy Ca.eml
Kesko vastaus 3.2.2026;2026-02-05_13-01_Fox_Fwd Ilmoitus ja arviointipyyntö Pörhön Autoliike O.eml;.eml;1071.07;2026-03-23 13:42:08;2026-03-23 13:46:28;C:\Users\HP\Desktop\Kesko vastaus 3.2.2026\Chronological_Logs\2026-02-05_13-01_Fox_Fwd Ilmoitus ja arviointipyyntö Pörhön Autoliike O.eml
Kesko vastaus 3.2.2026;2026-02-06_08-39_Fox_Kerro kuinka pärjäsimme  klikkaa kyselyyn.eml;.eml;7.7;2026-03-23 13:39:58;2026-03-23 13:40:11;C:\Users\HP\Desktop\Kesko vastaus 3.2.2026\Chronological_Logs\2026-02-06_08-39_Fox_Kerro kuinka pärjäsimme  klikkaa kyselyyn.eml
Kesko vastaus 3.2.2026;2026-02-06_08-41_Fox_Automaattinen vastaus Pyyntö Traficomin korjaamova.eml;.eml;22.74;2026-03-23 13:39:58;2026-03-23 13:40:11;C:\Users\HP\Desktop\Kesko vastaus 3.2.2026\Chronological_Logs\2026-02-06_08-41_Fox_Automaattinen vastaus Pyyntö Traficomin korjaamova.eml
Kesko vastaus 3.2.2026;2026-02-06_10-40_Fox_Pyyntö Traficomin korjaamovalvontaa varten luovutu.eml;.eml;1205.08;2026-03-23 13:40:16;2026-03-23 13:40:46;C:\Users\HP\Desktop\Kesko vastaus 3.2.2026\Chronological_Logs\2026-02-06_10-40_Fox_Pyyntö Traficomin korjaamovalvontaa varten luovutu.eml
Kesko vastaus 3.2.2026;2026-02-06_11-40_Par_VL VS Audi Q7 e-Tron  Markus  Heidi Kaprio - asia..eml;.eml;271.32;2026-03-23 13:42:56;2026-03-23 13:43:07;C:\Users\HP\Desktop\Kesko vastaus 3.2.2026\Chronological_Logs\2026-02-06_11-40_Par_VL VS Audi Q7 e-Tron  Markus  Heidi Kaprio - asia..eml
Kesko vastaus 3.2.2026;2026-02-06_12-17_Fox_SpeakUp Sinulla on uusi viesti.eml;.eml;27.64;2026-03-23 13:39:58;2026-03-23 13:40:11;C:\Users\HP\Desktop\Kesko vastaus 3.2.2026\Chronological_Logs\2026-02-06_12-17_Fox_SpeakUp Sinulla on uusi viesti.eml
Kesko vastaus 3.2.2026;2026-02-07_12-15_Fox_Re VL VS Audi Q7 e-Tron  Markus  Heidi Kaprio - as.eml;.eml;726.52;2026-03-23 13:39:58;2026-03-23 13:39:59;C:\Users\HP\Desktop\Kesko vastaus 3.2.2026\Chronological_Logs\2026-02-07_12-15_Fox_Re VL VS Audi Q7 e-Tron  Markus  Heidi Kaprio - as.eml
Kesko vastaus 3.2.2026;2026-02-07_12-15_Par_Re VL VS Audi Q7 e-Tron  Markus  Heidi Kaprio - as.eml;.eml;723.37;2026-03-23 13:44:29;2026-03-23 13:44:57;C:\Users\HP\Desktop\Kesko vastaus 3.2.2026\Chronological_Logs\2026-02-07_12-15_Par_Re VL VS Audi Q7 e-Tron  Markus  Heidi Kaprio - as.eml
Kesko vastaus 3.2.2026;2026-02-07_14-00_Fox_Re VL VS Audi Q7 e-Tron  Markus  Heidi Kaprio - as.eml;.eml;928.68;2026-03-23 13:40:15;2026-03-23 13:40:47;C:\Users\HP\Desktop\Kesko vastaus 3.2.2026\Chronological_Logs\2026-02-07_14-00_Fox_Re VL VS Audi Q7 e-Tron  Markus  Heidi Kaprio - as.eml
Kesko vastaus 3.2.2026;2026-02-08_05-31_Fox_Gastbeitrag Werner Plumpe Staatsschulden und Krieg.eml;.eml;74.23;2026-03-23 13:42:35;2026-03-23 13:42:36;C:\Users\HP\Desktop\Kesko vastaus 3.2.2026\Chronological_Logs\2026-02-08_05-31_Fox_Gastbeitrag Werner Plumpe Staatsschulden und Krieg.eml
Kesko vastaus 3.2.2026;2026-02-09_11-43_Fox_GDPR 15  Täsmennetty tietojenluovutuspyyntö CRM000.eml;.eml;15.42;2026-03-23 13:42:46;2026-03-23 13:42:50;C:\Users\HP\Desktop\Kesko vastaus 3.2.2026\Chronological_Logs\2026-02-09_11-43_Fox_GDPR 15  Täsmennetty tietojenluovutuspyyntö CRM000.eml
Kesko vastaus 3.2.2026;2026-02-09_13-52_Fox_Vastaus viestiisi Plussa-kortit ja -jäsenyys462920.eml;.eml;29.63;2026-03-23 13:39:58;2026-03-23 13:39:59;C:\Users\HP\Desktop\Kesko vastaus 3.2.2026\Chronological_Logs\2026-02-09_13-52_Fox_Vastaus viestiisi Plussa-kortit ja -jäsenyys462920.eml
Kesko vastaus 3.2.2026;2026-02-09_14-16_Fox_GDPR 15  Tietojenluovutuspyyntö koko minua ja ajon.eml;.eml;266.77;2026-03-23 13:40:15;2026-03-23 13:40:47;C:\Users\HP\Desktop\Kesko vastaus 3.2.2026\Chronological_Logs\2026-02-09_14-16_Fox_GDPR 15  Tietojenluovutuspyyntö koko minua ja ajon.eml
Kesko vastaus 3.2.2026;2026-02-09_23-06_Fox_Re Vikadiagnoosi ja tiedoksi Santanderin asiamiehe.eml;.eml;20.69;2026-03-23 13:42:08;2026-03-23 13:46:28;C:\Users\HP\Desktop\Kesko vastaus 3.2.2026\Chronological_Logs\2026-02-09_23-06_Fox_Re Vikadiagnoosi ja tiedoksi Santanderin asiamiehe.eml
Kesko vastaus 3.2.2026;2026-02-09_23-20_Fox_Fwd GDPR 15  Tietojenluovutuspyyntö koko minua ja .eml;.eml;271.14;2026-03-23 13:42:08;2026-03-23 13:42:08;C:\Users\HP\Desktop\Kesko vastaus 3.2.2026\Chronological_Logs\2026-02-09_23-20_Fox_Fwd GDPR 15  Tietojenluovutuspyyntö koko minua ja .eml
Kesko vastaus 3.2.2026;2026-02-09_23-21_Fox_Fwd Ilmoitus ja arviointipyyntö Pörhön Autoliike O.eml;.eml;1071.78;2026-03-23 13:42:08;2026-03-23 13:46:27;C:\Users\HP\Desktop\Kesko vastaus 3.2.2026\Chronological_Logs\2026-02-09_23-21_Fox_Fwd Ilmoitus ja arviointipyyntö Pörhön Autoliike O.eml
Kesko vastaus 3.2.2026;2026-02-09_23-23_Fox_Fwd Re TSV2682026 Lisätietopyyntö.eml;.eml;37.84;2026-03-23 13:42:08;2026-03-23 13:46:27;C:\Users\HP\Desktop\Kesko vastaus 3.2.2026\Chronological_Logs\2026-02-09_23-23_Fox_Fwd Re TSV2682026 Lisätietopyyntö.eml
Kesko vastaus 3.2.2026;2026-02-10_08-13_Fox_VS Vikadiagnoosi ja tiedoksi Santanderin asiamiehe.eml;.eml;52.65;2026-03-23 13:39:58;2026-03-23 13:40:10;C:\Users\HP\Desktop\Kesko vastaus 3.2.2026\Chronological_Logs\2026-02-10_08-13_Fox_VS Vikadiagnoosi ja tiedoksi Santanderin asiamiehe.eml
Kesko vastaus 3.2.2026;2026-02-10_12-16_Fox_Re VS Vikadiagnoosi ja tiedoksi Santanderin asiami.eml;.eml;117.3;2026-03-23 13:42:08;2026-03-23 13:46:27;C:\Users\HP\Desktop\Kesko vastaus 3.2.2026\Chronological_Logs\2026-02-10_12-16_Fox_Re VS Vikadiagnoosi ja tiedoksi Santanderin asiami.eml
Kesko vastaus 3.2.2026;2026-02-10_12-28_Fox_Fwd Re VS Vikadiagnoosi ja tiedoksi Santanderin as.eml;.eml;92.83;2026-03-23 13:42:08;2026-03-23 13:46:26;C:\Users\HP\Desktop\Kesko vastaus 3.2.2026\Chronological_Logs\2026-02-10_12-28_Fox_Fwd Re VS Vikadiagnoosi ja tiedoksi Santanderin as.eml
Kesko vastaus 3.2.2026;2026-02-10_13-06_Fox_VS Ilmoitus ja arviointipyyntö Pörhön Autoliike Oy.eml;.eml;70.02;2026-03-23 13:39:59;2026-03-23 13:40:10;C:\Users\HP\Desktop\Kesko vastaus 3.2.2026\Chronological_Logs\2026-02-10_13-06_Fox_VS Ilmoitus ja arviointipyyntö Pörhön Autoliike Oy.eml
Kesko vastaus 3.2.2026;2026-02-10_17-32_Fox_Re VS Ilmoitus ja arviointipyyntö Pörhön Autoliike.eml;.eml;58.99;2026-03-23 13:42:08;2026-03-23 13:46:26;C:\Users\HP\Desktop\Kesko vastaus 3.2.2026\Chronological_Logs\2026-02-10_17-32_Fox_Re VS Ilmoitus ja arviointipyyntö Pörhön Autoliike.eml
Kesko vastaus 3.2.2026;2026-02-11_15-41_Par_Työvaatteet logopainatuksella verkosta  Helmikuun .eml;.eml;100.93;2026-03-23 13:42:55;2026-03-23 13:43:09;C:\Users\HP\Desktop\Kesko vastaus 3.2.2026\Chronological_Logs\2026-02-11_15-41_Par_Työvaatteet logopainatuksella verkosta  Helmikuun .eml
Kesko vastaus 3.2.2026;2026-02-12_06-42_Fox_VL Ilmoitus ja arviointipyyntö Pörhön Autoliike Oy.eml;.eml;1114.92;2026-03-23 13:39:59;2026-03-23 13:40:10;C:\Users\HP\Desktop\Kesko vastaus 3.2.2026\Chronological_Logs\2026-02-12_06-42_Fox_VL Ilmoitus ja arviointipyyntö Pörhön Autoliike Oy.eml
Kesko vastaus 3.2.2026;2026-02-12_10-33_Fox_Re VL Ilmoitus ja arviointipyyntö Pörhön Autoliike.eml;.eml;54.51;2026-03-23 13:42:08;2026-03-23 13:46:26;C:\Users\HP\Desktop\Kesko vastaus 3.2.2026\Chronological_Logs\2026-02-12_10-33_Fox_Re VL Ilmoitus ja arviointipyyntö Pörhön Autoliike.eml
Kesko vastaus 3.2.2026;2026-02-12_11-06_Par_Tervetuloa ammattilaisen aamuun 18.2.2026.eml;.eml;65.96;2026-03-23 13:42:55;2026-03-23 13:43:09;C:\Users\HP\Desktop\Kesko vastaus 3.2.2026\Chronological_Logs\2026-02-12_11-06_Par_Tervetuloa ammattilaisen aamuun 18.2.2026.eml
Kesko vastaus 3.2.2026;2026-02-13_16-37_Fox_Audi Q7 e-Tron  Markus  Heidi Kaprio.eml;.eml;68.71;2026-03-23 13:39:59;2026-03-23 13:40:02;C:\Users\HP\Desktop\Kesko vastaus 3.2.2026\Chronological_Logs\2026-02-13_16-37_Fox_Audi Q7 e-Tron  Markus  Heidi Kaprio.eml
Kesko vastaus 3.2.2026;2026-02-15_05-31_Fox_Wie viel Un-Sinn macht die EU.eml;.eml;77.92;2026-03-23 13:40:00;2026-03-23 13:40:01;C:\Users\HP\Desktop\Kesko vastaus 3.2.2026\Chronological_Logs\2026-02-15_05-31_Fox_Wie viel Un-Sinn macht die EU.eml
Kesko vastaus 3.2.2026;2026-02-16_10-31_Fox_Audi-case viestinnän siirto 100 kokonaan teille ja.eml;.eml;7.56;2026-03-23 13:42:08;2026-03-23 13:46:26;C:\Users\HP\Desktop\Kesko vastaus 3.2.2026\Chronological_Logs\2026-02-16_10-31_Fox_Audi-case viestinnän siirto 100 kokonaan teille ja.eml
Kesko vastaus 3.2.2026;2026-02-16_11-00_Fox_VS Audi-case viestinnän siirto 100 kokonaan teille.eml;.eml;56.16;2026-03-23 13:40:00;2026-03-23 13:40:02;C:\Users\HP\Desktop\Kesko vastaus 3.2.2026\Chronological_Logs\2026-02-16_11-00_Fox_VS Audi-case viestinnän siirto 100 kokonaan teille.eml
Kesko vastaus 3.2.2026;2026-02-16_13-34_Fox_Re VS Audi-case viestinnän siirto 100 kokonaan tei.eml;.eml;44.02;2026-03-23 13:42:08;2026-03-23 13:42:10;C:\Users\HP\Desktop\Kesko vastaus 3.2.2026\Chronological_Logs\2026-02-16_13-34_Fox_Re VS Audi-case viestinnän siirto 100 kokonaan tei.eml
Kesko vastaus 3.2.2026;2026-02-16_13-56_Fox_Fwd GDPR 15  Tietojenluovutuspyyntö koko minua ja .eml;.eml;273.67;2026-03-23 13:42:08;2026-03-23 13:42:10;C:\Users\HP\Desktop\Kesko vastaus 3.2.2026\Chronological_Logs\2026-02-16_13-56_Fox_Fwd GDPR 15  Tietojenluovutuspyyntö koko minua ja .eml
Kesko vastaus 3.2.2026;2026-02-18_13-55_Fox_GDPR 15  Tietojenluovutuspyyntö koko minua ja ajon.eml;.eml;401.19;2026-03-23 13:40:01;2026-03-23 13:40:02;C:\Users\HP\Desktop\Kesko vastaus 3.2.2026\Chronological_Logs\2026-02-18_13-55_Fox_GDPR 15  Tietojenluovutuspyyntö koko minua ja ajon.eml
Kesko vastaus 3.2.2026;2026-02-18_16-45_Fox_Fwd Re GDPR 15  Tietojenluovutuspyyntö koko minua .eml;.eml;125.59;2026-03-23 13:40:13;2026-03-23 13:40:15;C:\Users\HP\Desktop\Kesko vastaus 3.2.2026\Chronological_Logs\2026-02-18_16-45_Fox_Fwd Re GDPR 15  Tietojenluovutuspyyntö koko minua .eml
Kesko vastaus 3.2.2026;2026-02-18_16-45_Fox_Re GDPR 15  Tietojenluovutuspyyntö koko minua ja a.eml;.eml;121.04;2026-03-23 13:40:16;2026-03-23 13:40:37;C:\Users\HP\Desktop\Kesko vastaus 3.2.2026\Chronological_Logs\2026-02-18_16-45_Fox_Re GDPR 15  Tietojenluovutuspyyntö koko minua ja a.eml
Kesko vastaus 3.2.2026;2026-02-25_13-17_Fox_Re Tiedoksi Santanderin asiamiehen lähettämä viest.eml;.eml;18.1;2026-03-23 13:40:13;2026-03-23 13:40:14;C:\Users\HP\Desktop\Kesko vastaus 3.2.2026\Chronological_Logs\2026-02-25_13-17_Fox_Re Tiedoksi Santanderin asiamiehen lähettämä viest.eml
Kesko vastaus 3.2.2026;2026-02-25_14-44_Fox_Tietopyyntö ja täsmennyspyyntö Pörhön Oulu  Keminm.eml;.eml;1065.38;2026-03-23 13:40:16;2026-03-23 13:40:36;C:\Users\HP\Desktop\Kesko vastaus 3.2.2026\Chronological_Logs\2026-02-25_14-44_Fox_Tietopyyntö ja täsmennyspyyntö Pörhön Oulu  Keminm.eml
Kesko vastaus 3.2.2026;2026-02-27_07-03_Fox_VS Tietopyyntö ja täsmennyspyyntö Pörhön Oulu  Kem.eml;.eml;101.99;2026-03-23 13:40:17;2026-03-23 13:40:20;C:\Users\HP\Desktop\Kesko vastaus 3.2.2026\Chronological_Logs\2026-02-27_07-03_Fox_VS Tietopyyntö ja täsmennyspyyntö Pörhön Oulu  Kem.eml
Kesko vastaus 3.2.2026;2026-02-27_08-02_Fox_Fwd Tietopyyntö ja täsmennyspyyntö Pörhön Oulu  Ke.eml;.eml;1071.09;2026-03-23 13:40:16;2026-03-23 13:40:36;C:\Users\HP\Desktop\Kesko vastaus 3.2.2026\Chronological_Logs\2026-02-27_08-02_Fox_Fwd Tietopyyntö ja täsmennyspyyntö Pörhön Oulu  Ke.eml
Kesko vastaus 3.2.2026;2026-02-27_09-36_Fox_Re VS Tietopyyntö ja täsmennyspyyntö Pörhön Oulu  .eml;.eml;82.67;2026-03-23 13:42:08;2026-03-23 13:42:10;C:\Users\HP\Desktop\Kesko vastaus 3.2.2026\Chronological_Logs\2026-02-27_09-36_Fox_Re VS Tietopyyntö ja täsmennyspyyntö Pörhön Oulu  .eml
Kesko vastaus 3.2.2026;2026-02-27_14-09_Par_Älä päästä LVIn tuoteuutuuksia ohi.eml;.eml;99.49;2026-03-23 13:44:37;2026-03-23 13:44:46;C:\Users\HP\Desktop\Kesko vastaus 3.2.2026\Chronological_Logs\2026-02-27_14-09_Par_Älä päästä LVIn tuoteuutuuksia ohi.eml
Kesko vastaus 3.2.2026;2026-03-04_14-38_Par_Älä päästä sähkön uutuuksia ohi.eml;.eml;99.66;2026-03-23 13:44:37;2026-03-23 13:44:47;C:\Users\HP\Desktop\Kesko vastaus 3.2.2026\Chronological_Logs\2026-03-04_14-38_Par_Älä päästä sähkön uutuuksia ohi.eml
Kesko vastaus 3.2.2026;2026-03-04_14-45_Fox_VS VS Tietopyyntö ja täsmennyspyyntö Pörhön Oulu  .eml;.eml;162.59;2026-03-23 13:40:02;2026-03-23 13:40:10;C:\Users\HP\Desktop\Kesko vastaus 3.2.2026\Chronological_Logs\2026-03-04_14-45_Fox_VS VS Tietopyyntö ja täsmennyspyyntö Pörhön Oulu  .eml
Kesko vastaus 3.2.2026;2026-03-04_17-00_Fox_Tietopyyntö liitteet.eml;.eml;8.15;2026-03-23 13:40:02;2026-03-23 13:40:09;C:\Users\HP\Desktop\Kesko vastaus 3.2.2026\Chronological_Logs\2026-03-04_17-00_Fox_Tietopyyntö liitteet.eml
Kesko vastaus 3.2.2026;2026-03-05_13-35_Fox_VS VS Tietopyyntö ja täsmennyspyyntö Pörhön Oulu  .eml;.eml;281.42;2026-03-23 13:40:02;2026-03-23 13:40:09;C:\Users\HP\Desktop\Kesko vastaus 3.2.2026\Chronological_Logs\2026-03-05_13-35_Fox_VS VS Tietopyyntö ja täsmennyspyyntö Pörhön Oulu  .eml
Kesko vastaus 3.2.2026;2026-03-05_15-25_Fox_Re VS Tietopyyntö ja täsmennyspyyntö Pörhön Oulu  .eml;.eml;81.84;2026-03-23 13:40:17;2026-03-23 13:40:20;C:\Users\HP\Desktop\Kesko vastaus 3.2.2026\Chronological_Logs\2026-03-05_15-25_Fox_Re VS Tietopyyntö ja täsmennyspyyntö Pörhön Oulu  .eml
Kesko vastaus 3.2.2026;2026-03-05_16-03_Fox_GDPR 15 tietopyyntö  Audi Q7 e-tron  aineiston tar.eml;.eml;7.78;2026-03-23 13:42:08;2026-03-23 13:42:10;C:\Users\HP\Desktop\Kesko vastaus 3.2.2026\Chronological_Logs\2026-03-05_16-03_Fox_GDPR 15 tietopyyntö  Audi Q7 e-tron  aineiston tar.eml
Kesko vastaus 3.2.2026;2026-03-05_16-12_Fox_Re VS VS Tietopyyntö ja täsmennyspyyntö Pörhön Oul.eml;.eml;93.96;2026-03-23 13:42:08;2026-03-23 13:42:10;C:\Users\HP\Desktop\Kesko vastaus 3.2.2026\Chronological_Logs\2026-03-05_16-12_Fox_Re VS VS Tietopyyntö ja täsmennyspyyntö Pörhön Oul.eml
Kesko vastaus 3.2.2026;2026-03-05_16-42_Fox_Fwd VS VS Tietopyyntö ja täsmennyspyyntö Pörhön Ou.eml;.eml;110.6;2026-03-23 13:42:08;2026-03-23 13:42:09;C:\Users\HP\Desktop\Kesko vastaus 3.2.2026\Chronological_Logs\2026-03-05_16-42_Fox_Fwd VS VS Tietopyyntö ja täsmennyspyyntö Pörhön Ou.eml
Kesko vastaus 3.2.2026;2026-03-06_07-27_Fox_Automaattinen vastaus Turvaposti ja vastaukset.eml;.eml;18.95;2026-03-23 13:40:02;2026-03-23 13:40:08;C:\Users\HP\Desktop\Kesko vastaus 3.2.2026\Chronological_Logs\2026-03-06_07-27_Fox_Automaattinen vastaus Turvaposti ja vastaukset.eml
Kesko vastaus 3.2.2026;2026-03-06_09-26_Fox_Turvaposti ja vastaukset.eml;.eml;8785.33;2026-03-23 13:42:09;2026-03-23 13:46:19;C:\Users\HP\Desktop\Kesko vastaus 3.2.2026\Chronological_Logs\2026-03-06_09-26_Fox_Turvaposti ja vastaukset.eml
Kesko vastaus 3.2.2026;2026-03-06_09-28_Fox_K-Auto ja turvapostin vastaukset..eml;.eml;8785.53;2026-03-23 13:42:10;2026-03-23 13:46:11;C:\Users\HP\Desktop\Kesko vastaus 3.2.2026\Chronological_Logs\2026-03-06_09-28_Fox_K-Auto ja turvapostin vastaukset..eml
Kesko vastaus 3.2.2026;2026-03-06_09-36_Fox_Turvapostin kokonaisuus..eml;.eml;6.01;2026-03-23 13:42:10;2026-03-23 13:45:57;C:\Users\HP\Desktop\Kesko vastaus 3.2.2026\Chronological_Logs\2026-03-06_09-36_Fox_Turvapostin kokonaisuus..eml
Kesko vastaus 3.2.2026;2026-03-06_10-26_Fox_Oleellinen virhe dokumentoitu..eml;.eml;264.51;2026-03-23 13:42:10;2026-03-23 13:45:57;C:\Users\HP\Desktop\Kesko vastaus 3.2.2026\Chronological_Logs\2026-03-06_10-26_Fox_Oleellinen virhe dokumentoitu..eml
Kesko vastaus 3.2.2026;2026-03-06_10-59_Fox_Yhteenveto tämän päivän K-Auto Oyn materiaalista..eml;.eml;527.96;2026-03-23 13:42:11;2026-03-23 13:45:56;C:\Users\HP\Desktop\Kesko vastaus 3.2.2026\Chronological_Logs\2026-03-06_10-59_Fox_Yhteenveto tämän päivän K-Auto Oyn materiaalista..eml
Kesko vastaus 3.2.2026;2026-03-06_11-12_Fox_ODIS-raportti 5.2.2025 ja tiivistelmä vioista enne.eml;.eml;10.95;2026-03-23 13:42:11;2026-03-23 13:45:56;C:\Users\HP\Desktop\Kesko vastaus 3.2.2026\Chronological_Logs\2026-03-06_11-12_Fox_ODIS-raportti 5.2.2025 ja tiivistelmä vioista enne.eml
Kesko vastaus 3.2.2026;2026-03-06_11-37_Fox_Markus ja yhteenveto 2023- eteenpäin dokumentaatio.eml;.eml;14.53;2026-03-23 13:42:11;2026-03-23 13:45:56;C:\Users\HP\Desktop\Kesko vastaus 3.2.2026\Chronological_Logs\2026-03-06_11-37_Fox_Markus ja yhteenveto 2023- eteenpäin dokumentaatio.eml
Kesko vastaus 3.2.2026;2026-03-06_12-12_Fox_Esimerkkilomake kaupanpurkuun Santander Markus.eml;.eml;25.98;2026-03-23 13:42:11;2026-03-23 13:45:56;C:\Users\HP\Desktop\Kesko vastaus 3.2.2026\Chronological_Logs\2026-03-06_12-12_Fox_Esimerkkilomake kaupanpurkuun Santander Markus.eml
Kesko vastaus 3.2.2026;2026-03-06_12-59_Fox_The Blue Audi-Case  Airbag replacement..eml;.eml;7.61;2026-03-23 13:42:11;2026-03-23 13:45:56;C:\Users\HP\Desktop\Kesko vastaus 3.2.2026\Chronological_Logs\2026-03-06_12-59_Fox_The Blue Audi-Case  Airbag replacement..eml
Kesko vastaus 3.2.2026;2026-03-06_13-02_Par_Tutustu nyt Onnimarkkinoiden huipputarjouksiin.eml;.eml;70.64;2026-03-23 13:44:37;2026-03-23 13:44:45;C:\Users\HP\Desktop\Kesko vastaus 3.2.2026\Chronological_Logs\2026-03-06_13-02_Par_Tutustu nyt Onnimarkkinoiden huipputarjouksiin.eml
Kesko vastaus 3.2.2026;2026-03-06_13-58_Fox_Sv The Blue Audi-Case  Airbag replacement..eml;.eml;25.97;2026-03-23 13:40:02;2026-03-23 13:40:08;C:\Users\HP\Desktop\Kesko vastaus 3.2.2026\Chronological_Logs\2026-03-06_13-58_Fox_Sv The Blue Audi-Case  Airbag replacement..eml
Kesko vastaus 3.2.2026;2026-03-10_10-12_Fox_VIIMEINEN TÄYDENNYSPYYNTÖ  GDPR ART. 15 TARKASTUSO.eml;.eml;1068.49;2026-03-23 13:40:17;2026-03-23 13:40:18;C:\Users\HP\Desktop\Kesko vastaus 3.2.2026\Chronological_Logs\2026-03-10_10-12_Fox_VIIMEINEN TÄYDENNYSPYYNTÖ  GDPR ART. 15 TARKASTUSO.eml
Kesko vastaus 3.2.2026;2026-03-11_14-21_Par_Onnimarkkinoilta kevään parhaat LVI- ja sähkötarjo.eml;.eml;106.08;2026-03-23 13:44:38;2026-03-23 13:44:44;C:\Users\HP\Desktop\Kesko vastaus 3.2.2026\Chronological_Logs\2026-03-11_14-21_Par_Onnimarkkinoilta kevään parhaat LVI- ja sähkötarjo.eml
Kesko vastaus 3.2.2026;2026-03-12_09-01_Fox_Re Sv The Blue Audi-Case  Airbag replacement..eml;.eml;16.12;2026-03-23 13:42:11;2026-03-23 13:45:56;C:\Users\HP\Desktop\Kesko vastaus 3.2.2026\Chronological_Logs\2026-03-12_09-01_Fox_Re Sv The Blue Audi-Case  Airbag replacement..eml
Kesko vastaus 3.2.2026;2026-03-12_12-54_Fox_VS Turvapostin kokonaisuus..eml;.eml;91.31;2026-03-23 13:40:02;2026-03-23 13:40:08;C:\Users\HP\Desktop\Kesko vastaus 3.2.2026\Chronological_Logs\2026-03-12_12-54_Fox_VS Turvapostin kokonaisuus..eml
Kesko vastaus 3.2.2026;2026-03-12_13-44_Fox_Automaattinen vastaus VS Turvapostin kokonaisuus..eml;.eml;19.21;2026-03-23 13:40:02;2026-03-23 13:40:07;C:\Users\HP\Desktop\Kesko vastaus 3.2.2026\Chronological_Logs\2026-03-12_13-44_Fox_Automaattinen vastaus VS Turvapostin kokonaisuus..eml
Kesko vastaus 3.2.2026;2026-03-12_15-14_Fox_Automatische Antwort Data Access Request under GDP.eml;.eml;29.22;2026-03-23 13:42:37;2026-03-23 13:42:37;C:\Users\HP\Desktop\Kesko vastaus 3.2.2026\Chronological_Logs\2026-03-12_15-14_Fox_Automatische Antwort Data Access Request under GDP.eml
Kesko vastaus 3.2.2026;2026-03-12_15-24_Fox_Re VS Turvapostin kokonaisuus..eml;.eml;69.46;2026-03-23 13:42:11;2026-03-23 13:45:56;C:\Users\HP\Desktop\Kesko vastaus 3.2.2026\Chronological_Logs\2026-03-12_15-24_Fox_Re VS Turvapostin kokonaisuus..eml
Kesko vastaus 3.2.2026;2026-03-12_15-38_Fox_Henkilötietojasi koskeva toimenpidepyyntö on käsit.eml;.eml;8.31;2026-03-23 13:40:02;2026-03-23 13:40:08;C:\Users\HP\Desktop\Kesko vastaus 3.2.2026\Chronological_Logs\2026-03-12_15-38_Fox_Henkilötietojasi koskeva toimenpidepyyntö on käsit.eml
Kesko vastaus 3.2.2026;2026-03-12_15-44_Fox_Re VS Turvapostin kokonaisuus..eml;.eml;76.55;2026-03-23 13:42:11;2026-03-23 13:45:55;C:\Users\HP\Desktop\Kesko vastaus 3.2.2026\Chronological_Logs\2026-03-12_15-44_Fox_Re VS Turvapostin kokonaisuus..eml
Kesko vastaus 3.2.2026;2026-03-12_17-12_Fox_Data Access Request under GDPR Article 15  Custome.eml;.eml;1155.58;2026-03-23 13:40:17;2026-03-23 13:40:19;C:\Users\HP\Desktop\Kesko vastaus 3.2.2026\Chronological_Logs\2026-03-12_17-12_Fox_Data Access Request under GDPR Article 15  Custome.eml
Kesko vastaus 3.2.2026;2026-03-17_00-11_Fox_Audi Q7 e-tron RZS-139  Auto viety Luulajaan tänää.eml;.eml;6.21;2026-03-23 13:42:11;2026-03-23 13:45:55;C:\Users\HP\Desktop\Kesko vastaus 3.2.2026\Chronological_Logs\2026-03-17_00-11_Fox_Audi Q7 e-tron RZS-139  Auto viety Luulajaan tänää.eml
Kesko vastaus 3.2.2026;2026-03-17_08-00_Fox_Sv Sv The Blue Audi-Case  Airbag replacement..eml;.eml;39.29;2026-03-23 13:40:02;2026-03-23 13:40:07;C:\Users\HP\Desktop\Kesko vastaus 3.2.2026\Chronological_Logs\2026-03-17_08-00_Fox_Sv Sv The Blue Audi-Case  Airbag replacement..eml
Kesko vastaus 3.2.2026;2026-03-17_08-57_Fox_Re Sv The Blue Audi-Case  Airbag replacement..eml;.eml;17.48;2026-03-23 13:42:11;2026-03-23 13:45:55;C:\Users\HP\Desktop\Kesko vastaus 3.2.2026\Chronological_Logs\2026-03-17_08-57_Fox_Re Sv The Blue Audi-Case  Airbag replacement..eml
Kesko vastaus 3.2.2026;2026-03-17_10-37_Fox_Re Sv Sv The Blue Audi-Case  Airbag replacement..eml;.eml;27.38;2026-03-23 13:42:11;2026-03-23 13:45:55;C:\Users\HP\Desktop\Kesko vastaus 3.2.2026\Chronological_Logs\2026-03-17_10-37_Fox_Re Sv Sv The Blue Audi-Case  Airbag replacement..eml
Kesko vastaus 3.2.2026;2026-03-18_09-15_Fox_Sv Finnish AUDI A6 XVK-660 airbag recall  drop-off.eml;.eml;21.5;2026-03-23 13:42:37;2026-03-23 13:42:38;C:\Users\HP\Desktop\Kesko vastaus 3.2.2026\Chronological_Logs\2026-03-18_09-15_Fox_Sv Finnish AUDI A6 XVK-660 airbag recall  drop-off.eml
Kesko vastaus 3.2.2026;2026-03-18_11-08_Fox_Tietopyyntöjen toimittamatta jättäminen  jatkotoim.eml;.eml;9.51;2026-03-23 13:40:17;2026-03-23 13:40:19;C:\Users\HP\Desktop\Kesko vastaus 3.2.2026\Chronological_Logs\2026-03-18_11-08_Fox_Tietopyyntöjen toimittamatta jättäminen  jatkotoim.eml
Kesko vastaus 3.2.2026;2026-03-18_11-31_Fox_GDPR artikla 15 tarkastusoikeus  pyyntö valvontato.eml;.eml;13595.97;2026-03-23 13:42:12;2026-03-23 13:43:45;C:\Users\HP\Desktop\Kesko vastaus 3.2.2026\Chronological_Logs\2026-03-18_11-31_Fox_GDPR artikla 15 tarkastusoikeus  pyyntö valvontato.eml
Kesko vastaus 3.2.2026;2026-03-18_11-40_Fox_Fwd GDPR artikla 15 tarkastusoikeus  pyyntö valvon.eml;.eml;24.71;2026-03-23 13:42:13;2026-03-23 13:43:21;C:\Users\HP\Desktop\Kesko vastaus 3.2.2026\Chronological_Logs\2026-03-18_11-40_Fox_Fwd GDPR artikla 15 tarkastusoikeus  pyyntö valvon.eml
Kesko vastaus 3.2.2026;2026-03-18_11-48_Fox_Re Sv Finnish AUDI A6 XVK-660 airbag recall  drop-.eml;.eml;12.77;2026-03-23 13:42:13;2026-03-23 13:43:21;C:\Users\HP\Desktop\Kesko vastaus 3.2.2026\Chronological_Logs\2026-03-18_11-48_Fox_Re Sv Finnish AUDI A6 XVK-660 airbag recall  drop-.eml
Kesko vastaus 3.2.2026;2026-03-18_12-32_Fox_Re Your concern regarding General Data Protection .eml;.eml;20.45;2026-03-23 13:42:13;2026-03-23 13:43:21;C:\Users\HP\Desktop\Kesko vastaus 3.2.2026\Chronological_Logs\2026-03-18_12-32_Fox_Re Your concern regarding General Data Protection .eml
Kesko vastaus 3.2.2026;2026-03-18_12-45_Fox_RZS139 - FELKODER.eml;.eml;1089.18;2026-03-23 13:40:02;2026-03-23 13:40:05;C:\Users\HP\Desktop\Kesko vastaus 3.2.2026\Chronological_Logs\2026-03-18_12-45_Fox_RZS139 - FELKODER.eml
Kesko vastaus 3.2.2026;2026-03-18_14-25_Fox_VS Markus ja Lukeå mittauksen tulokset ja omat hav.eml;.eml;45.82;2026-03-23 13:40:13;2026-03-23 13:40:14;C:\Users\HP\Desktop\Kesko vastaus 3.2.2026\Chronological_Logs\2026-03-18_14-25_Fox_VS Markus ja Lukeå mittauksen tulokset ja omat hav.eml
Kesko vastaus 3.2.2026;2026-03-18_15-15_Fox_Fwd The Blue Audi-Case  Airbag replacement..eml;.eml;2232.28;2026-03-23 13:42:14;2026-03-23 13:43:19;C:\Users\HP\Desktop\Kesko vastaus 3.2.2026\Chronological_Logs\2026-03-18_15-15_Fox_Fwd The Blue Audi-Case  Airbag replacement..eml
Kesko vastaus 3.2.2026;2026-03-18_15-57_Fox_Markus ja Lukeå mittauksen tulokset ja omat havain.eml;.eml;1683.29;2026-03-23 13:42:14;2026-03-23 13:43:17;C:\Users\HP\Desktop\Kesko vastaus 3.2.2026\Chronological_Logs\2026-03-18_15-57_Fox_Markus ja Lukeå mittauksen tulokset ja omat havain.eml
Kesko vastaus 3.2.2026;2026-03-18_16-44_Fox_Re VS Markus ja Lukeå mittauksen tulokset ja omat .eml;.eml;33.19;2026-03-23 13:42:14;2026-03-23 13:42:42;C:\Users\HP\Desktop\Kesko vastaus 3.2.2026\Chronological_Logs\2026-03-18_16-44_Fox_Re VS Markus ja Lukeå mittauksen tulokset ja omat .eml
Kesko vastaus 3.2.2026;2026-03-19_08-04_Fox_q7.eml;.eml;12.9;2026-03-23 13:40:02;2026-03-23 13:40:03;C:\Users\HP\Desktop\Kesko vastaus 3.2.2026\Chronological_Logs\2026-03-19_08-04_Fox_q7.eml
Kesko vastaus 3.2.2026;2026-03-19_09-56_Par_Vielä tämä viikko Onnimarkkinoiden tarjouksia.eml;.eml;94.41;2026-03-23 13:44:38;2026-03-23 13:44:43;C:\Users\HP\Desktop\Kesko vastaus 3.2.2026\Chronological_Logs\2026-03-19_09-56_Par_Vielä tämä viikko Onnimarkkinoiden tarjouksia.eml
Kesko vastaus 3.2.2026;2026-03-20_13-41_Fox_TSV2682026 Lisätietopyyntö.eml;.eml;19.25;2026-03-23 13:40:03;2026-03-23 13:40:03;C:\Users\HP\Desktop\Kesko vastaus 3.2.2026\Chronological_Logs\2026-03-20_13-41_Fox_TSV2682026 Lisätietopyyntö.eml
Kesko vastaus 3.2.2026;2026-03-20_16-00_Fox_Re TSV2682026 Lisätietopyyntö.eml;.eml;20.6;2026-03-23 13:42:14;2026-03-23 13:42:42;C:\Users\HP\Desktop\Kesko vastaus 3.2.2026\Chronological_Logs\2026-03-20_16-00_Fox_Re TSV2682026 Lisätietopyyntö.eml
Kesko vastaus 3.2.2026;2026-03-22_19-26_Fox_Re TSV2682026 Lisätietopyyntö.eml;.eml;2046.29;2026-03-23 13:42:14;2026-03-23 13:42:41;C:\Users\HP\Desktop\Kesko vastaus 3.2.2026\Chronological_Logs\2026-03-22_19-26_Fox_Re TSV2682026 Lisätietopyyntö.eml
Kesko vastaus 3.2.2026;2026-03-22_19-46_Fox_Fwd VIIMEINEN TÄYDENNYSPYYNTÖ  GDPR ART. 15 TARKAS.eml;.eml;1450.65;2026-03-23 13:42:14;2026-03-23 13:42:39;C:\Users\HP\Desktop\Kesko vastaus 3.2.2026\Chronological_Logs\2026-03-22_19-46_Fox_Fwd VIIMEINEN TÄYDENNYSPYYNTÖ  GDPR ART. 15 TARKAS.eml
Kesko vastaus 3.2.2026;2026-03-22_20-15_Fox_Markus Kaprio ja AUDI Q7 vastausten tarkennus..eml;.eml;258.39;2026-03-23 13:42:14;2026-03-23 13:42:38;C:\Users\HP\Desktop\Kesko vastaus 3.2.2026\Chronological_Logs\2026-03-22_20-15_Fox_Markus Kaprio ja AUDI Q7 vastausten tarkennus..eml
Kesko vastaus 3.2.2026;2022-03-18_11-56_audi-anschlussgarantie-garantiebedingungen_0818.pdf;.pdf;29.79;2026-03-23 13:43:46;2026-03-23 13:43:46;C:\Users\HP\Desktop\Kesko vastaus 3.2.2026\Repair_Invoices\2022-03-18_11-56_audi-anschlussgarantie-garantiebedingungen_0818.pdf
Kesko vastaus 3.2.2026;2022-03-23_06-43_Nayttokuva 2022-3-22 kello 17.51.01.png;.png;435.76;2026-03-23 13:43:46;2026-03-23 13:43:46;C:\Users\HP\Desktop\Kesko vastaus 3.2.2026\Repair_Invoices\2022-03-23_06-43_Nayttokuva 2022-3-22 kello 17.51.01.png
Kesko vastaus 3.2.2026;2023-11-08_16-02_Sample Name plate of SHSQN508 ENP power.jpg;.jpg;214.68;2026-03-23 13:43:57;2026-03-23 13:43:57;C:\Users\HP\Desktop\Kesko vastaus 3.2.2026\Repair_Invoices\2023-11-08_16-02_Sample Name plate of SHSQN508 ENP power.jpg
Kesko vastaus 3.2.2026;2023-11-08_16-02_SHSQN660100.pdf;.pdf;693.62;2026-03-23 13:43:57;2026-03-23 13:43:57;C:\Users\HP\Desktop\Kesko vastaus 3.2.2026\Repair_Invoices\2023-11-08_16-02_SHSQN660100.pdf
Kesko vastaus 3.2.2026;2025-01-16_17-18_Näyttökuva 2025-01-16 kello 16.20.45.png;.png;1500.32;2026-03-23 13:44:08;2026-03-23 13:44:08;C:\Users\HP\Desktop\Kesko vastaus 3.2.2026\Repair_Invoices\2025-01-16_17-18_Näyttökuva 2025-01-16 kello 16.20.45.png
Kesko vastaus 3.2.2026;2025-02-11_11-08_image.png;.png;7.28;2026-03-23 13:42:50;2026-03-23 13:42:50;C:\Users\HP\Desktop\Kesko vastaus 3.2.2026\Repair_Invoices\2025-02-11_11-08_image.png
Kesko vastaus 3.2.2026;2025-02-11_11-46_image.png;.png;7.28;2026-03-23 13:42:50;2026-03-23 13:42:50;C:\Users\HP\Desktop\Kesko vastaus 3.2.2026\Repair_Invoices\2025-02-11_11-46_image.png
Kesko vastaus 3.2.2026;2025-02-11_12-19_image.png;.png;7.28;2026-03-23 13:42:50;2026-03-23 13:42:50;C:\Users\HP\Desktop\Kesko vastaus 3.2.2026\Repair_Invoices\2025-02-11_12-19_image.png
Kesko vastaus 3.2.2026;2025-02-12_09-02_image.png;.png;7.28;2026-03-23 13:42:50;2026-03-23 13:42:50;C:\Users\HP\Desktop\Kesko vastaus 3.2.2026\Repair_Invoices\2025-02-12_09-02_image.png
Kesko vastaus 3.2.2026;2025-02-12_10-36_image.png;.png;7.28;2026-03-23 13:42:50;2026-03-23 13:42:50;C:\Users\HP\Desktop\Kesko vastaus 3.2.2026\Repair_Invoices\2025-02-12_10-36_image.png
Kesko vastaus 3.2.2026;2025-02-16_12-31_Error-message.JPG;.jpg;144.53;2026-03-23 13:44:09;2026-03-23 13:44:09;C:\Users\HP\Desktop\Kesko vastaus 3.2.2026\Repair_Invoices\2025-02-16_12-31_Error-message.JPG
Kesko vastaus 3.2.2026;2025-02-23_19-04_20250127085456236.pdf;.pdf;2095.61;2026-03-23 13:44:14;2026-03-23 13:44:14;C:\Users\HP\Desktop\Kesko vastaus 3.2.2026\Repair_Invoices\2025-02-23_19-04_20250127085456236.pdf
Kesko vastaus 3.2.2026;2025-02-23_19-04_Näyttökuva 2025-02-20 kello 16.22.07.png;.png;8863.98;2026-03-23 13:44:14;2026-03-23 13:44:14;C:\Users\HP\Desktop\Kesko vastaus 3.2.2026\Repair_Invoices\2025-02-23_19-04_Näyttökuva 2025-02-20 kello 16.22.07.png
Kesko vastaus 3.2.2026;2025-02-23_19-04_Näyttökuva 2025-02-23 kello 17.57.22.png;.png;352.45;2026-03-23 13:44:14;2026-03-23 13:44:14;C:\Users\HP\Desktop\Kesko vastaus 3.2.2026\Repair_Invoices\2025-02-23_19-04_Näyttökuva 2025-02-23 kello 17.57.22.png
Kesko vastaus 3.2.2026;2025-02-23_19-04_Näyttökuva 2025-02-23 kello 17.57.38.png;.png;303.67;2026-03-23 13:44:14;2026-03-23 13:44:14;C:\Users\HP\Desktop\Kesko vastaus 3.2.2026\Repair_Invoices\2025-02-23_19-04_Näyttökuva 2025-02-23 kello 17.57.38.png
Kesko vastaus 3.2.2026;2025-02-23_19-04_Näyttökuva 2025-02-23 kello 17.57.54.png;.png;247.36;2026-03-23 13:44:14;2026-03-23 13:44:14;C:\Users\HP\Desktop\Kesko vastaus 3.2.2026\Repair_Invoices\2025-02-23_19-04_Näyttökuva 2025-02-23 kello 17.57.54.png
Kesko vastaus 3.2.2026;2025-02-23_19-04_Näyttökuva 2025-02-23 kello 17.58.18.png;.png;287.75;2026-03-23 13:44:14;2026-03-23 13:44:14;C:\Users\HP\Desktop\Kesko vastaus 3.2.2026\Repair_Invoices\2025-02-23_19-04_Näyttökuva 2025-02-23 kello 17.58.18.png
Kesko vastaus 3.2.2026;2025-02-24_16-04_20250127085456236.pdf;.pdf;2095.61;2026-03-23 13:44:16;2026-03-23 13:44:16;C:\Users\HP\Desktop\Kesko vastaus 3.2.2026\Repair_Invoices\2025-02-24_16-04_20250127085456236.pdf
Kesko vastaus 3.2.2026;2025-02-24_16-04_Näyttökuva 2025-02-20 kello 16.22.07.png;.png;8863.98;2026-03-23 13:44:16;2026-03-23 13:44:16;C:\Users\HP\Desktop\Kesko vastaus 3.2.2026\Repair_Invoices\2025-02-24_16-04_Näyttökuva 2025-02-20 kello 16.22.07.png
Kesko vastaus 3.2.2026;2025-02-24_16-04_Näyttökuva 2025-02-23 kello 17.57.22.png;.png;352.45;2026-03-23 13:44:16;2026-03-23 13:44:16;C:\Users\HP\Desktop\Kesko vastaus 3.2.2026\Repair_Invoices\2025-02-24_16-04_Näyttökuva 2025-02-23 kello 17.57.22.png
Kesko vastaus 3.2.2026;2025-02-24_16-04_Näyttökuva 2025-02-23 kello 17.57.38.png;.png;303.67;2026-03-23 13:44:16;2026-03-23 13:44:16;C:\Users\HP\Desktop\Kesko vastaus 3.2.2026\Repair_Invoices\2025-02-24_16-04_Näyttökuva 2025-02-23 kello 17.57.38.png
Kesko vastaus 3.2.2026;2025-02-24_16-04_Näyttökuva 2025-02-23 kello 17.57.54.png;.png;247.36;2026-03-23 13:44:16;2026-03-23 13:44:16;C:\Users\HP\Desktop\Kesko vastaus 3.2.2026\Repair_Invoices\2025-02-24_16-04_Näyttökuva 2025-02-23 kello 17.57.54.png
Kesko vastaus 3.2.2026;2025-02-24_16-04_Näyttökuva 2025-02-23 kello 17.58.18.png;.png;287.75;2026-03-23 13:44:16;2026-03-23 13:44:16;C:\Users\HP\Desktop\Kesko vastaus 3.2.2026\Repair_Invoices\2025-02-24_16-04_Näyttökuva 2025-02-23 kello 17.58.18.png
Kesko vastaus 3.2.2026;2025-02-27_12-34_PÖRHÖ Tietopyyntö 27 Hel.pdf;.pdf;42.13;2026-03-23 13:44:16;2026-03-23 13:44:16;C:\Users\HP\Desktop\Kesko vastaus 3.2.2026\Repair_Invoices\2025-02-27_12-34_PÖRHÖ Tietopyyntö 27 Hel.pdf
Kesko vastaus 3.2.2026;2025-02-27_14-59_PÖRHÖ Tietopyyntö 27 Hel.pdf;.pdf;42.13;2026-03-23 13:42:56;2026-03-23 13:42:56;C:\Users\HP\Desktop\Kesko vastaus 3.2.2026\Repair_Invoices\2025-02-27_14-59_PÖRHÖ Tietopyyntö 27 Hel.pdf
Kesko vastaus 3.2.2026;2025-02-27_15-35_Vastaus Pörhö Autoliike Oy 27.2.2025.pdf;.pdf;31.22;2026-03-23 13:44:16;2026-03-23 13:44:16;C:\Users\HP\Desktop\Kesko vastaus 3.2.2026\Repair_Invoices\2025-02-27_15-35_Vastaus Pörhö Autoliike Oy 27.2.2025.pdf
Kesko vastaus 3.2.2026;2025-03-06_00-29_Hakemistorakenne Markus omatuotanto.pdf;.pdf;30.61;2026-03-23 13:44:17;2026-03-23 13:44:17;C:\Users\HP\Desktop\Kesko vastaus 3.2.2026\Repair_Invoices\2025-03-06_00-29_Hakemistorakenne Markus omatuotanto.pdf
Kesko vastaus 3.2.2026;2025-03-06_00-29_Johanna Ali ja LinkedIN viesti 1..png;.png;352.45;2026-03-23 13:44:17;2026-03-23 13:44:17;C:\Users\HP\Desktop\Kesko vastaus 3.2.2026\Repair_Invoices\2025-03-06_00-29_Johanna Ali ja LinkedIN viesti 1..png
Kesko vastaus 3.2.2026;2025-03-06_00-29_Johanna Ali ja LinkedIN viesti 2.png;.png;303.67;2026-03-23 13:44:17;2026-03-23 13:44:17;C:\Users\HP\Desktop\Kesko vastaus 3.2.2026\Repair_Invoices\2025-03-06_00-29_Johanna Ali ja LinkedIN viesti 2.png
Kesko vastaus 3.2.2026;2025-03-06_00-29_Johanna Ali ja LinkedIN viesti 3.png;.png;247.36;2026-03-23 13:44:17;2026-03-23 13:44:17;C:\Users\HP\Desktop\Kesko vastaus 3.2.2026\Repair_Invoices\2025-03-06_00-29_Johanna Ali ja LinkedIN viesti 3.png
Kesko vastaus 3.2.2026;2025-03-06_00-29_Johanna Ali ja LinkedIN viesti sekä yksi kuva VCDS-raportin sivusta.png;.png;1383.72;2026-03-23 13:44:17;2026-03-23 13:44:17;C:\Users\HP\Desktop\Kesko vastaus 3.2.2026\Repair_Invoices\2025-03-06_00-29_Johanna Ali ja LinkedIN viesti sekä yksi kuva VCDS-raportin sivusta.png
Kesko vastaus 3.2.2026;2025-03-06_00-29_KRL-valitus.pdf;.pdf;71.55;2026-03-23 13:44:17;2026-03-23 13:44:17;C:\Users\HP\Desktop\Kesko vastaus 3.2.2026\Repair_Invoices\2025-03-06_00-29_KRL-valitus.pdf
Kesko vastaus 3.2.2026;2025-03-06_00-29_Santader kuva Anya.PNG;.png;1077.87;2026-03-23 13:44:17;2026-03-23 13:44:17;C:\Users\HP\Desktop\Kesko vastaus 3.2.2026\Repair_Invoices\2025-03-06_00-29_Santader kuva Anya.PNG
Kesko vastaus 3.2.2026;2025-03-08_17-59_Audi_AG_Kirje_Suomi_Saksa.pdf;.pdf;4.31;2026-03-23 13:44:17;2026-03-23 13:44:17;C:\Users\HP\Desktop\Kesko vastaus 3.2.2026\Repair_Invoices\2025-03-08_17-59_Audi_AG_Kirje_Suomi_Saksa.pdf
Kesko vastaus 3.2.2026;2025-03-08_17-59_Porho_Tietopyynto_Vastaus.pdf;.pdf;2.99;2026-03-23 13:44:17;2026-03-23 13:44:17;C:\Users\HP\Desktop\Kesko vastaus 3.2.2026\Repair_Invoices\2025-03-08_17-59_Porho_Tietopyynto_Vastaus.pdf
Kesko vastaus 3.2.2026;2025-03-10_17-01_Audi_AG_Kirje_Suomi_Saksa.pdf;.pdf;4.31;2026-03-23 13:44:19;2026-03-23 13:44:19;C:\Users\HP\Desktop\Kesko vastaus 3.2.2026\Repair_Invoices\2025-03-10_17-01_Audi_AG_Kirje_Suomi_Saksa.pdf
Kesko vastaus 3.2.2026;2025-03-10_17-01_Kesko SpeakUp-vastaus Harri Spolander 2.png;.png;192.24;2026-03-23 13:44:19;2026-03-23 13:44:19;C:\Users\HP\Desktop\Kesko vastaus 3.2.2026\Repair_Invoices\2025-03-10_17-01_Kesko SpeakUp-vastaus Harri Spolander 2.png
Kesko vastaus 3.2.2026;2025-03-10_17-01_Kesko SpeakUp-vastaus Harri Spolander.png;.png;254.91;2026-03-23 13:44:19;2026-03-23 13:44:19;C:\Users\HP\Desktop\Kesko vastaus 3.2.2026\Repair_Invoices\2025-03-10_17-01_Kesko SpeakUp-vastaus Harri Spolander.png
Kesko vastaus 3.2.2026;2025-03-10_17-01_Lasku käsirahasta Ramis Auto.pdf;.pdf;88.98;2026-03-23 13:44:19;2026-03-23 13:44:19;C:\Users\HP\Desktop\Kesko vastaus 3.2.2026\Repair_Invoices\2025-03-10_17-01_Lasku käsirahasta Ramis Auto.pdf
Kesko vastaus 3.2.2026;2025-03-10_17-01_Näyttökuva 2025-02-20 kello 16.21.24.png;.png;608.26;2026-03-23 13:44:19;2026-03-23 13:44:19;C:\Users\HP\Desktop\Kesko vastaus 3.2.2026\Repair_Invoices\2025-03-10_17-01_Näyttökuva 2025-02-20 kello 16.21.24.png
Kesko vastaus 3.2.2026;2025-03-10_17-01_Näyttökuva 2025-02-20 kello 16.22.07.png;.png;8863.98;2026-03-23 13:44:19;2026-03-23 13:44:19;C:\Users\HP\Desktop\Kesko vastaus 3.2.2026\Repair_Invoices\2025-03-10_17-01_Näyttökuva 2025-02-20 kello 16.22.07.png
Kesko vastaus 3.2.2026;2025-03-10_17-01_Näyttökuva 2025-02-23 kello 17.57.22.png;.png;352.45;2026-03-23 13:44:19;2026-03-23 13:44:19;C:\Users\HP\Desktop\Kesko vastaus 3.2.2026\Repair_Invoices\2025-03-10_17-01_Näyttökuva 2025-02-23 kello 17.57.22.png
Kesko vastaus 3.2.2026;2025-03-10_17-01_Näyttökuva 2025-02-23 kello 17.57.54.png;.png;247.36;2026-03-23 13:44:19;2026-03-23 13:44:19;C:\Users\HP\Desktop\Kesko vastaus 3.2.2026\Repair_Invoices\2025-03-10_17-01_Näyttökuva 2025-02-23 kello 17.57.54.png
Kesko vastaus 3.2.2026;2025-03-10_17-01_Näyttökuva 2025-02-23 kello 17.58.18.png;.png;287.75;2026-03-23 13:44:19;2026-03-23 13:44:19;C:\Users\HP\Desktop\Kesko vastaus 3.2.2026\Repair_Invoices\2025-03-10_17-01_Näyttökuva 2025-02-23 kello 17.58.18.png
Kesko vastaus 3.2.2026;2025-03-10_17-01_Näyttökuva 2025-02-25 kello 15.15.23.png;.png;535.18;2026-03-23 13:44:19;2026-03-23 13:44:19;C:\Users\HP\Desktop\Kesko vastaus 3.2.2026\Repair_Invoices\2025-03-10_17-01_Näyttökuva 2025-02-25 kello 15.15.23.png
Kesko vastaus 3.2.2026;2025-03-10_17-01_PÖRHÖ Tietopyyntö 27 Hel.pdf;.pdf;42.13;2026-03-23 13:44:19;2026-03-23 13:44:19;C:\Users\HP\Desktop\Kesko vastaus 3.2.2026\Repair_Invoices\2025-03-10_17-01_PÖRHÖ Tietopyyntö 27 Hel.pdf
Kesko vastaus 3.2.2026;2025-03-10_17-01_Santander Osamaksu Ramis Auto.pdf;.pdf;143.52;2026-03-23 13:44:19;2026-03-23 13:44:19;C:\Users\HP\Desktop\Kesko vastaus 3.2.2026\Repair_Invoices\2025-03-10_17-01_Santander Osamaksu Ramis Auto.pdf
Kesko vastaus 3.2.2026;2025-03-10_17-01_Täydennys KRL 10.3.2025 Markus Kaprio.pdf;.pdf;48.99;2026-03-23 13:44:19;2026-03-23 13:44:19;C:\Users\HP\Desktop\Kesko vastaus 3.2.2026\Repair_Invoices\2025-03-10_17-01_Täydennys KRL 10.3.2025 Markus Kaprio.pdf
Kesko vastaus 3.2.2026;2025-03-10_17-01_Vastaus Pörhö Autoliike Oy 27.2.2025.pdf;.pdf;31.22;2026-03-23 13:44:19;2026-03-23 13:44:19;C:\Users\HP\Desktop\Kesko vastaus 3.2.2026\Repair_Invoices\2025-03-10_17-01_Vastaus Pörhö Autoliike Oy 27.2.2025.pdf
Kesko vastaus 3.2.2026;2025-03-10_17-01_Vastaus Pörhö Autoliike Oy laiminlyöntiin.pdf;.pdf;64.68;2026-03-23 13:44:19;2026-03-23 13:44:19;C:\Users\HP\Desktop\Kesko vastaus 3.2.2026\Repair_Invoices\2025-03-10_17-01_Vastaus Pörhö Autoliike Oy laiminlyöntiin.pdf
Kesko vastaus 3.2.2026;2025-03-10_17-17_Kesko SpeakUp-vastaus Harri Spolander 2.png;.png;192.24;2026-03-23 13:44:19;2026-03-23 13:44:19;C:\Users\HP\Desktop\Kesko vastaus 3.2.2026\Repair_Invoices\2025-03-10_17-17_Kesko SpeakUp-vastaus Harri Spolander 2.png
Kesko vastaus 3.2.2026;2025-03-15_14-51_audi-anschlussgarantie-garantiebedingungen_0818.pdf;.pdf;29.79;2026-03-23 13:44:19;2026-03-23 13:44:19;C:\Users\HP\Desktop\Kesko vastaus 3.2.2026\Repair_Invoices\2025-03-15_14-51_audi-anschlussgarantie-garantiebedingungen_0818.pdf
Kesko vastaus 3.2.2026;2025-03-15_14-51_Error-message.JPG;.jpg;144.53;2026-03-23 13:44:19;2026-03-23 13:44:19;C:\Users\HP\Desktop\Kesko vastaus 3.2.2026\Repair_Invoices\2025-03-15_14-51_Error-message.JPG
Kesko vastaus 3.2.2026;2025-03-15_14-51_Pörhö garage.JPG;.jpg;298.37;2026-03-23 13:44:19;2026-03-23 13:44:19;C:\Users\HP\Desktop\Kesko vastaus 3.2.2026\Repair_Invoices\2025-03-15_14-51_Pörhö garage.JPG
Kesko vastaus 3.2.2026;2025-03-31_17-51_AUDI Q7 RZS-139  Markus Kaprio - ajoneuvotiedot valitukseen.pdf;.pdf;775.25;2026-03-23 13:44:19;2026-03-23 13:44:19;C:\Users\HP\Desktop\Kesko vastaus 3.2.2026\Repair_Invoices\2025-03-31_17-51_AUDI Q7 RZS-139  Markus Kaprio - ajoneuvotiedot valitukseen.pdf
Kesko vastaus 3.2.2026;2025-03-31_18-41_AUDI Q7 RZS-139  Markus Kaprio - ajoneuvotiedot valitukseen.pdf;.pdf;775.25;2026-03-23 13:44:20;2026-03-23 13:44:20;C:\Users\HP\Desktop\Kesko vastaus 3.2.2026\Repair_Invoices\2025-03-31_18-41_AUDI Q7 RZS-139  Markus Kaprio - ajoneuvotiedot valitukseen.pdf
Kesko vastaus 3.2.2026;2025-03-31_18-41_Audi RZS-139 ja virheilmoitus.png;.png;1118.15;2026-03-23 13:44:20;2026-03-23 13:44:20;C:\Users\HP\Desktop\Kesko vastaus 3.2.2026\Repair_Invoices\2025-03-31_18-41_Audi RZS-139 ja virheilmoitus.png
Kesko vastaus 3.2.2026;2025-04-08_11-11_siirtopyyntö ajoneuvo.pdf;.pdf;24.17;2026-03-23 13:42:56;2026-03-23 13:42:56;C:\Users\HP\Desktop\Kesko vastaus 3.2.2026\Repair_Invoices\2025-04-08_11-11_siirtopyyntö ajoneuvo.pdf
Kesko vastaus 3.2.2026;2025-04-13_17-52_10CF53C1-4884-4E03-B6EB-C9A1B18F8B9B.jpg;.jpg;353.88;2026-03-23 13:44:20;2026-03-23 13:44:20;C:\Users\HP\Desktop\Kesko vastaus 3.2.2026\Repair_Invoices\2025-04-13_17-52_10CF53C1-4884-4E03-B6EB-C9A1B18F8B9B.jpg
Kesko vastaus 3.2.2026;2025-04-13_17-52_20250127085456236.pdf;.pdf;2095.61;2026-03-23 13:44:20;2026-03-23 13:44:20;C:\Users\HP\Desktop\Kesko vastaus 3.2.2026\Repair_Invoices\2025-04-13_17-52_20250127085456236.pdf
Kesko vastaus 3.2.2026;2025-04-13_17-52_32EA3923-EC58-4B12-BF82-8F676D99A92B.jpg;.jpg;212.59;2026-03-23 13:44:20;2026-03-23 13:44:20;C:\Users\HP\Desktop\Kesko vastaus 3.2.2026\Repair_Invoices\2025-04-13_17-52_32EA3923-EC58-4B12-BF82-8F676D99A92B.jpg
Kesko vastaus 3.2.2026;2025-04-13_17-52_47C99623-4E38-4C09-A394-DBA6674356E7.jpg;.jpg;329.15;2026-03-23 13:44:20;2026-03-23 13:44:20;C:\Users\HP\Desktop\Kesko vastaus 3.2.2026\Repair_Invoices\2025-04-13_17-52_47C99623-4E38-4C09-A394-DBA6674356E7.jpg
Kesko vastaus 3.2.2026;2025-04-13_17-52_8CD4E703-3AD0-4C3B-A070-AA17A73F2E21.jpg;.jpg;305.08;2026-03-23 13:44:20;2026-03-23 13:44:20;C:\Users\HP\Desktop\Kesko vastaus 3.2.2026\Repair_Invoices\2025-04-13_17-52_8CD4E703-3AD0-4C3B-A070-AA17A73F2E21.jpg
Kesko vastaus 3.2.2026;2025-04-13_17-52_8FB2BF36-DEFE-46E1-AD75-AE6F875752EE.jpg;.jpg;349.2;2026-03-23 13:44:20;2026-03-23 13:44:20;C:\Users\HP\Desktop\Kesko vastaus 3.2.2026\Repair_Invoices\2025-04-13_17-52_8FB2BF36-DEFE-46E1-AD75-AE6F875752EE.jpg
Kesko vastaus 3.2.2026;2025-04-13_17-52_98E62284-637E-422C-8019-D3B2128D113D.jpg;.jpg;357.6;2026-03-23 13:44:20;2026-03-23 13:44:20;C:\Users\HP\Desktop\Kesko vastaus 3.2.2026\Repair_Invoices\2025-04-13_17-52_98E62284-637E-422C-8019-D3B2128D113D.jpg
Kesko vastaus 3.2.2026;2025-05-31_12-39_Audi Q7 e-tron  Markus Kaprio finnland.pdf;.pdf;846.36;2026-03-23 13:41:10;2026-03-23 13:41:10;C:\Users\HP\Desktop\Kesko vastaus 3.2.2026\Repair_Invoices\2025-05-31_12-39_Audi Q7 e-tron  Markus Kaprio finnland.pdf
Kesko vastaus 3.2.2026;2025-05-31_12-39_Cp_Cpk_Analyysi_Kohortti1_2025-05-01.pdf.png;.png;158.33;2026-03-23 13:41:10;2026-03-23 13:41:10;C:\Users\HP\Desktop\Kesko vastaus 3.2.2026\Repair_Invoices\2025-05-31_12-39_Cp_Cpk_Analyysi_Kohortti1_2025-05-01.pdf.png
Kesko vastaus 3.2.2026;2025-05-31_12-39_Mittausanalyysi_Kohortti1_2025-05-01.pdf.png;.png;148.79;2026-03-23 13:41:10;2026-03-23 13:41:10;C:\Users\HP\Desktop\Kesko vastaus 3.2.2026\Repair_Invoices\2025-05-31_12-39_Mittausanalyysi_Kohortti1_2025-05-01.pdf.png
Kesko vastaus 3.2.2026;2025-05-31_12-39_Rikkomusindeksi_Kohortti1_2025-05-01.pdf.png;.png;39.6;2026-03-23 13:41:10;2026-03-23 13:41:10;C:\Users\HP\Desktop\Kesko vastaus 3.2.2026\Repair_Invoices\2025-05-31_12-39_Rikkomusindeksi_Kohortti1_2025-05-01.pdf.png
Kesko vastaus 3.2.2026;2025-06-02_15-03_Audi Q7 e-tron  Markus Kaprio finnland.pdf;.pdf;846.36;2026-03-23 13:41:10;2026-03-23 13:41:10;C:\Users\HP\Desktop\Kesko vastaus 3.2.2026\Repair_Invoices\2025-06-02_15-03_Audi Q7 e-tron  Markus Kaprio finnland.pdf
Kesko vastaus 3.2.2026;2025-06-02_16-09_Audi Q7 e-tron  Markus Kaprio finnland.pdf;.pdf;846.36;2026-03-23 13:44:21;2026-03-23 13:44:21;C:\Users\HP\Desktop\Kesko vastaus 3.2.2026\Repair_Invoices\2025-06-02_16-09_Audi Q7 e-tron  Markus Kaprio finnland.pdf
Kesko vastaus 3.2.2026;2025-06-02_16-09_Vikakoodi 1.png;.png;54.3;2026-03-23 13:44:21;2026-03-23 13:44:21;C:\Users\HP\Desktop\Kesko vastaus 3.2.2026\Repair_Invoices\2025-06-02_16-09_Vikakoodi 1.png
Kesko vastaus 3.2.2026;2025-06-02_16-09_Vikakoodi2.png;.png;52.96;2026-03-23 13:44:21;2026-03-23 13:44:21;C:\Users\HP\Desktop\Kesko vastaus 3.2.2026\Repair_Invoices\2025-06-02_16-09_Vikakoodi2.png
Kesko vastaus 3.2.2026;2025-06-02_16-09_Vikakoodi3.png;.png;53.49;2026-03-23 13:44:21;2026-03-23 13:44:21;C:\Users\HP\Desktop\Kesko vastaus 3.2.2026\Repair_Invoices\2025-06-02_16-09_Vikakoodi3.png
Kesko vastaus 3.2.2026;2025-06-02_16-09_Vikakoodit.png;.png;42.55;2026-03-23 13:44:21;2026-03-23 13:44:21;C:\Users\HP\Desktop\Kesko vastaus 3.2.2026\Repair_Invoices\2025-06-02_16-09_Vikakoodit.png
Kesko vastaus 3.2.2026;2025-06-03_18-11_Audi Q7 e-tron  Markus Kaprio finnland.pdf;.pdf;846.36;2026-03-23 13:41:10;2026-03-23 13:41:10;C:\Users\HP\Desktop\Kesko vastaus 3.2.2026\Repair_Invoices\2025-06-03_18-11_Audi Q7 e-tron  Markus Kaprio finnland.pdf
Kesko vastaus 3.2.2026;2025-06-03_18-30_Audi Q7 e-tron  Markus Kaprio finnland.pdf;.pdf;846.36;2026-03-23 13:41:11;2026-03-23 13:41:11;C:\Users\HP\Desktop\Kesko vastaus 3.2.2026\Repair_Invoices\2025-06-03_18-30_Audi Q7 e-tron  Markus Kaprio finnland.pdf
Kesko vastaus 3.2.2026;2025-06-04_23-51_Audi Q7 e-tron  Markus Kaprio finnland.pdf;.pdf;846.36;2026-03-23 13:41:11;2026-03-23 13:41:11;C:\Users\HP\Desktop\Kesko vastaus 3.2.2026\Repair_Invoices\2025-06-04_23-51_Audi Q7 e-tron  Markus Kaprio finnland.pdf
Kesko vastaus 3.2.2026;2025-06-10_20-03_Cp_Cpk_Analyysi_Kohortti1_2025-05-01.pdf.png;.png;158.33;2026-03-23 13:41:11;2026-03-23 13:41:11;C:\Users\HP\Desktop\Kesko vastaus 3.2.2026\Repair_Invoices\2025-06-10_20-03_Cp_Cpk_Analyysi_Kohortti1_2025-05-01.pdf.png
Kesko vastaus 3.2.2026;2025-06-10_20-03_CV Markus Kaprio  profiilikorttipohja.pdf;.pdf;1684.59;2026-03-23 13:41:11;2026-03-23 13:41:11;C:\Users\HP\Desktop\Kesko vastaus 3.2.2026\Repair_Invoices\2025-06-10_20-03_CV Markus Kaprio  profiilikorttipohja.pdf
Kesko vastaus 3.2.2026;2025-06-10_20-03_Mittausanalyysi_Kohortti1_2025-05-01.pdf.png;.png;148.79;2026-03-23 13:41:11;2026-03-23 13:41:11;C:\Users\HP\Desktop\Kesko vastaus 3.2.2026\Repair_Invoices\2025-06-10_20-03_Mittausanalyysi_Kohortti1_2025-05-01.pdf.png
Kesko vastaus 3.2.2026;2025-06-11_12-27_Audi Q7 e-tron  Markus Kaprio finnland.pdf;.pdf;846.36;2026-03-23 13:41:11;2026-03-23 13:41:11;C:\Users\HP\Desktop\Kesko vastaus 3.2.2026\Repair_Invoices\2025-06-11_12-27_Audi Q7 e-tron  Markus Kaprio finnland.pdf
Kesko vastaus 3.2.2026;2025-06-11_12-30_Audi Q7 e-tron  Markus Kaprio finnland.pdf;.pdf;846.36;2026-03-23 13:41:11;2026-03-23 13:41:11;C:\Users\HP\Desktop\Kesko vastaus 3.2.2026\Repair_Invoices\2025-06-11_12-30_Audi Q7 e-tron  Markus Kaprio finnland.pdf
Kesko vastaus 3.2.2026;2025-06-11_17-56_FoxBox Framework.png;.png;370.43;2026-03-23 13:41:11;2026-03-23 13:41:11;C:\Users\HP\Desktop\Kesko vastaus 3.2.2026\Repair_Invoices\2025-06-11_17-56_FoxBox Framework.png
Kesko vastaus 3.2.2026;2025-06-11_17-56_Hitsausvirhe ja kriittiset ongelmat.png;.png;1270.78;2026-03-23 13:41:11;2026-03-23 13:41:11;C:\Users\HP\Desktop\Kesko vastaus 3.2.2026\Repair_Invoices\2025-06-11_17-56_Hitsausvirhe ja kriittiset ongelmat.png
Kesko vastaus 3.2.2026;2025-06-11_17-56_MIRO master README verkkosivut.pdf;.pdf;204.08;2026-03-23 13:41:11;2026-03-23 13:41:11;C:\Users\HP\Desktop\Kesko vastaus 3.2.2026\Repair_Invoices\2025-06-11_17-56_MIRO master README verkkosivut.pdf
Kesko vastaus 3.2.2026;2025-06-13_12-11_Audi Q7 e-tron  Markus Kaprio finnland.pdf;.pdf;846.36;2026-03-23 13:41:11;2026-03-23 13:41:11;C:\Users\HP\Desktop\Kesko vastaus 3.2.2026\Repair_Invoices\2025-06-13_12-11_Audi Q7 e-tron  Markus Kaprio finnland.pdf
Kesko vastaus 3.2.2026;2025-06-15_01-43_Audi Q7 e-tron  Markus Kaprio finnland.pdf;.pdf;846.36;2026-03-23 13:41:11;2026-03-23 13:41:12;C:\Users\HP\Desktop\Kesko vastaus 3.2.2026\Repair_Invoices\2025-06-15_01-43_Audi Q7 e-tron  Markus Kaprio finnland.pdf
Kesko vastaus 3.2.2026;2025-06-16_13-39_Audi Q7 e-tron  Markus Kaprio finnland.pdf;.pdf;846.36;2026-03-23 13:41:12;2026-03-23 13:41:12;C:\Users\HP\Desktop\Kesko vastaus 3.2.2026\Repair_Invoices\2025-06-16_13-39_Audi Q7 e-tron  Markus Kaprio finnland.pdf
Kesko vastaus 3.2.2026;2025-06-17_18-14_9952770c-3a65-4b93-b618-9e1b1e474aff-001_inquiry-3142967110339410666.pdf;.pdf;1007.06;2026-03-23 13:41:12;2026-03-23 13:41:12;C:\Users\HP\Desktop\Kesko vastaus 3.2.2026\Repair_Invoices\2025-06-17_18-14_9952770c-3a65-4b93-b618-9e1b1e474aff-001_inquiry-3142967110339410666.pdf
Kesko vastaus 3.2.2026;2025-06-17_18-14_Audi Q7 e-tron  Markus Kaprio finnland.pdf;.pdf;846.36;2026-03-23 13:41:12;2026-03-23 13:41:12;C:\Users\HP\Desktop\Kesko vastaus 3.2.2026\Repair_Invoices\2025-06-17_18-14_Audi Q7 e-tron  Markus Kaprio finnland.pdf
Kesko vastaus 3.2.2026;2025-06-18_09-27_Outlook-ay4p4qcl.png;.png;5.32;2026-03-23 13:40:15;2026-03-23 13:40:15;C:\Users\HP\Desktop\Kesko vastaus 3.2.2026\Repair_Invoices\2025-06-18_09-27_Outlook-ay4p4qcl.png
Kesko vastaus 3.2.2026;2025-06-18_09-27_Outlook-linea.png;.png;0.17;2026-03-23 13:40:15;2026-03-23 13:40:15;C:\Users\HP\Desktop\Kesko vastaus 3.2.2026\Repair_Invoices\2025-06-18_09-27_Outlook-linea.png
Kesko vastaus 3.2.2026;2025-06-18_11-49_image001.png;.png;28.15;2026-03-23 13:40:15;2026-03-23 13:40:15;C:\Users\HP\Desktop\Kesko vastaus 3.2.2026\Repair_Invoices\2025-06-18_11-49_image001.png
Kesko vastaus 3.2.2026;2025-06-18_12-02_Outlook-gig3zrtn.png;.png;5.32;2026-03-23 13:40:15;2026-03-23 13:40:15;C:\Users\HP\Desktop\Kesko vastaus 3.2.2026\Repair_Invoices\2025-06-18_12-02_Outlook-gig3zrtn.png
Kesko vastaus 3.2.2026;2025-06-18_12-02_Outlook-linea.png;.png;0.17;2026-03-23 13:40:15;2026-03-23 13:40:15;C:\Users\HP\Desktop\Kesko vastaus 3.2.2026\Repair_Invoices\2025-06-18_12-02_Outlook-linea.png
Kesko vastaus 3.2.2026;2025-06-18_14-36_9952770c-3a65-4b93-b618-9e1b1e474aff-001_inquiry-3142967110339410666.pdf;.pdf;1007.06;2026-03-23 13:41:13;2026-03-23 13:41:13;C:\Users\HP\Desktop\Kesko vastaus 3.2.2026\Repair_Invoices\2025-06-18_14-36_9952770c-3a65-4b93-b618-9e1b1e474aff-001_inquiry-3142967110339410666.pdf
Kesko vastaus 3.2.2026;2025-06-18_14-36_Audi Q7 e-tron  Markus Kaprio finnland.pdf;.pdf;846.36;2026-03-23 13:41:13;2026-03-23 13:41:13;C:\Users\HP\Desktop\Kesko vastaus 3.2.2026\Repair_Invoices\2025-06-18_14-36_Audi Q7 e-tron  Markus Kaprio finnland.pdf
Kesko vastaus 3.2.2026;2025-06-18_15-41_9952770c-3a65-4b93-b618-9e1b1e474aff-001_inquiry-3142967110339410666.pdf;.pdf;1007.06;2026-03-23 13:41:13;2026-03-23 13:41:13;C:\Users\HP\Desktop\Kesko vastaus 3.2.2026\Repair_Invoices\2025-06-18_15-41_9952770c-3a65-4b93-b618-9e1b1e474aff-001_inquiry-3142967110339410666.pdf
Kesko vastaus 3.2.2026;2025-06-18_15-41_Audi Q7 e-tron  Markus Kaprio finnland.pdf;.pdf;846.36;2026-03-23 13:41:13;2026-03-23 13:41:13;C:\Users\HP\Desktop\Kesko vastaus 3.2.2026\Repair_Invoices\2025-06-18_15-41_Audi Q7 e-tron  Markus Kaprio finnland.pdf
Kesko vastaus 3.2.2026;2025-06-18_15-59_blocked.gif;.gif;0.12;2026-03-23 13:42:43;2026-03-23 13:42:43;C:\Users\HP\Desktop\Kesko vastaus 3.2.2026\Repair_Invoices\2025-06-18_15-59_blocked.gif
Kesko vastaus 3.2.2026;2025-06-18_15-59_Outlook-gig3zrtn.png;.png;5.32;2026-03-23 13:42:43;2026-03-23 13:42:43;C:\Users\HP\Desktop\Kesko vastaus 3.2.2026\Repair_Invoices\2025-06-18_15-59_Outlook-gig3zrtn.png
Kesko vastaus 3.2.2026;2025-06-18_15-59_Outlook-linea.png;.png;0.17;2026-03-23 13:42:43;2026-03-23 13:42:43;C:\Users\HP\Desktop\Kesko vastaus 3.2.2026\Repair_Invoices\2025-06-18_15-59_Outlook-linea.png
Kesko vastaus 3.2.2026;2025-06-18_22-07_9952770c-3a65-4b93-b618-9e1b1e474aff-001_inquiry-3142967110339410666.pdf;.pdf;1007.06;2026-03-23 13:41:14;2026-03-23 13:41:14;C:\Users\HP\Desktop\Kesko vastaus 3.2.2026\Repair_Invoices\2025-06-18_22-07_9952770c-3a65-4b93-b618-9e1b1e474aff-001_inquiry-3142967110339410666.pdf
Kesko vastaus 3.2.2026;2025-06-18_22-07_Audi Q7 e-tron  Markus Kaprio finnland.pdf;.pdf;846.36;2026-03-23 13:41:14;2026-03-23 13:41:14;C:\Users\HP\Desktop\Kesko vastaus 3.2.2026\Repair_Invoices\2025-06-18_22-07_Audi Q7 e-tron  Markus Kaprio finnland.pdf
Kesko vastaus 3.2.2026;2025-06-19_13-15_9952770c-3a65-4b93-b618-9e1b1e474aff-001_inquiry-3142967110339410666.pdf;.pdf;1007.06;2026-03-23 13:41:14;2026-03-23 13:41:14;C:\Users\HP\Desktop\Kesko vastaus 3.2.2026\Repair_Invoices\2025-06-19_13-15_9952770c-3a65-4b93-b618-9e1b1e474aff-001_inquiry-3142967110339410666.pdf
Kesko vastaus 3.2.2026;2025-06-19_13-15_Audi Q7 e-tron  Markus Kaprio finnland.pdf;.pdf;846.36;2026-03-23 13:41:14;2026-03-23 13:41:14;C:\Users\HP\Desktop\Kesko vastaus 3.2.2026\Repair_Invoices\2025-06-19_13-15_Audi Q7 e-tron  Markus Kaprio finnland.pdf
Kesko vastaus 3.2.2026;2025-06-27_14-35_Outlook-amnhhykr.png;.png;7.88;2026-03-23 13:40:13;2026-03-23 13:40:13;C:\Users\HP\Desktop\Kesko vastaus 3.2.2026\Repair_Invoices\2025-06-27_14-35_Outlook-amnhhykr.png
Kesko vastaus 3.2.2026;2025-06-27_14-35_Outlook-linea.png;.png;0.25;2026-03-23 13:40:13;2026-03-23 13:40:13;C:\Users\HP\Desktop\Kesko vastaus 3.2.2026\Repair_Invoices\2025-06-27_14-35_Outlook-linea.png
Kesko vastaus 3.2.2026;2025-06-27_14-55_logo.png;.png;0.59;2026-03-23 13:40:15;2026-03-23 13:40:15;C:\Users\HP\Desktop\Kesko vastaus 3.2.2026\Repair_Invoices\2025-06-27_14-55_logo.png
Kesko vastaus 3.2.2026;2025-06-27_15-39_logo.png;.png;0.59;2026-03-23 13:41:15;2026-03-23 13:41:15;C:\Users\HP\Desktop\Kesko vastaus 3.2.2026\Repair_Invoices\2025-06-27_15-39_logo.png
Kesko vastaus 3.2.2026;2025-06-27_16-00_Outlook-amnhhykr.png;.png;7.88;2026-03-23 13:41:15;2026-03-23 13:41:15;C:\Users\HP\Desktop\Kesko vastaus 3.2.2026\Repair_Invoices\2025-06-27_16-00_Outlook-amnhhykr.png
Kesko vastaus 3.2.2026;2025-06-27_16-00_Outlook-linea.png;.png;0.25;2026-03-23 13:41:15;2026-03-23 13:41:15;C:\Users\HP\Desktop\Kesko vastaus 3.2.2026\Repair_Invoices\2025-06-27_16-00_Outlook-linea.png
Kesko vastaus 3.2.2026;2025-06-29_12-43_9952770c-3a65-4b93-b618-9e1b1e474aff-001_inquiry-3142967110339410666.pdf;.pdf;1007.06;2026-03-23 13:41:15;2026-03-23 13:41:15;C:\Users\HP\Desktop\Kesko vastaus 3.2.2026\Repair_Invoices\2025-06-29_12-43_9952770c-3a65-4b93-b618-9e1b1e474aff-001_inquiry-3142967110339410666.pdf
Kesko vastaus 3.2.2026;2025-06-29_12-43_Audi AG.pdf;.pdf;1007.06;2026-03-23 13:41:15;2026-03-23 13:41:15;C:\Users\HP\Desktop\Kesko vastaus 3.2.2026\Repair_Invoices\2025-06-29_12-43_Audi AG.pdf
Kesko vastaus 3.2.2026;2025-07-02_12-37_image.png;.png;8.06;2026-03-23 13:42:56;2026-03-23 13:42:56;C:\Users\HP\Desktop\Kesko vastaus 3.2.2026\Repair_Invoices\2025-07-02_12-37_image.png
Kesko vastaus 3.2.2026;2025-07-08_11-06_image.png;.png;8.06;2026-03-23 13:42:56;2026-03-23 13:42:56;C:\Users\HP\Desktop\Kesko vastaus 3.2.2026\Repair_Invoices\2025-07-08_11-06_image.png
Kesko vastaus 3.2.2026;2025-07-08_14-58_Audi AG.pdf;.pdf;1007.06;2026-03-23 13:41:16;2026-03-23 13:41:16;C:\Users\HP\Desktop\Kesko vastaus 3.2.2026\Repair_Invoices\2025-07-08_14-58_Audi AG.pdf
Kesko vastaus 3.2.2026;2025-07-08_14-58_Audi Q7 e-tron  Markus Kaprio finnland.pdf;.pdf;846.36;2026-03-23 13:41:16;2026-03-23 13:41:16;C:\Users\HP\Desktop\Kesko vastaus 3.2.2026\Repair_Invoices\2025-07-08_14-58_Audi Q7 e-tron  Markus Kaprio finnland.pdf
Kesko vastaus 3.2.2026;2025-07-08_17-03_Audi AG.pdf;.pdf;1007.06;2026-03-23 13:41:16;2026-03-23 13:41:16;C:\Users\HP\Desktop\Kesko vastaus 3.2.2026\Repair_Invoices\2025-07-08_17-03_Audi AG.pdf
Kesko vastaus 3.2.2026;2025-07-08_17-03_Audi Q7 e-tron  Markus Kaprio finnland.pdf;.pdf;846.36;2026-03-23 13:41:16;2026-03-23 13:41:16;C:\Users\HP\Desktop\Kesko vastaus 3.2.2026\Repair_Invoices\2025-07-08_17-03_Audi Q7 e-tron  Markus Kaprio finnland.pdf
Kesko vastaus 3.2.2026;2025-07-08_19-27_Kuva 1 korjauskustannus 45 000 1.3.2023 huollosta.png;.png;45.57;2026-03-23 13:44:33;2026-03-23 13:44:33;C:\Users\HP\Desktop\Kesko vastaus 3.2.2026\Repair_Invoices\2025-07-08_19-27_Kuva 1 korjauskustannus 45 000 1.3.2023 huollosta.png
Kesko vastaus 3.2.2026;2025-07-08_20-23_Kuva 1 korjauskustannus 45 000 1.3.2023 huollosta.png;.png;45.57;2026-03-23 13:44:21;2026-03-23 13:44:21;C:\Users\HP\Desktop\Kesko vastaus 3.2.2026\Repair_Invoices\2025-07-08_20-23_Kuva 1 korjauskustannus 45 000 1.3.2023 huollosta.png
Kesko vastaus 3.2.2026;2025-07-08_20-23_Kuva 2 sijaisauto.png;.png;31.19;2026-03-23 13:44:21;2026-03-23 13:44:21;C:\Users\HP\Desktop\Kesko vastaus 3.2.2026\Repair_Invoices\2025-07-08_20-23_Kuva 2 sijaisauto.png
Kesko vastaus 3.2.2026;2025-07-10_16-03_9952770c-3a65-4b93-b618-9e1b1e474aff-001_inquiry-3142967110339410666.pdf;.pdf;1007.06;2026-03-23 13:44:22;2026-03-23 13:44:22;C:\Users\HP\Desktop\Kesko vastaus 3.2.2026\Repair_Invoices\2025-07-10_16-03_9952770c-3a65-4b93-b618-9e1b1e474aff-001_inquiry-3142967110339410666.pdf
Kesko vastaus 3.2.2026;2025-07-11_10-48_image.png;.png;110.55;2026-03-23 13:42:56;2026-03-23 13:42:56;C:\Users\HP\Desktop\Kesko vastaus 3.2.2026\Repair_Invoices\2025-07-11_10-48_image.png
Kesko vastaus 3.2.2026;2025-07-18_11-12_K-Auto korjaamotietoa.png;.png;112.88;2026-03-23 13:44:22;2026-03-23 13:44:22;C:\Users\HP\Desktop\Kesko vastaus 3.2.2026\Repair_Invoices\2025-07-18_11-12_K-Auto korjaamotietoa.png
Kesko vastaus 3.2.2026;2025-07-18_12-45_K-Auto korjaamotieto vaihteisto.png;.png;128.15;2026-03-23 13:44:22;2026-03-23 13:44:22;C:\Users\HP\Desktop\Kesko vastaus 3.2.2026\Repair_Invoices\2025-07-18_12-45_K-Auto korjaamotieto vaihteisto.png
Kesko vastaus 3.2.2026;2025-07-18_12-45_K-Auto korjaamotietoa.png;.png;112.88;2026-03-23 13:44:22;2026-03-23 13:44:22;C:\Users\HP\Desktop\Kesko vastaus 3.2.2026\Repair_Invoices\2025-07-18_12-45_K-Auto korjaamotietoa.png
Kesko vastaus 3.2.2026;2025-07-22_10-19_9952770c-3a65-4b93-b618-9e1b1e474aff-001_inquiry-3142967110339410666.pdf;.pdf;1007.06;2026-03-23 13:44:34;2026-03-23 13:44:34;C:\Users\HP\Desktop\Kesko vastaus 3.2.2026\Repair_Invoices\2025-07-22_10-19_9952770c-3a65-4b93-b618-9e1b1e474aff-001_inquiry-3142967110339410666.pdf
Kesko vastaus 3.2.2026;2025-07-22_12-50_9952770c-3a65-4b93-b618-9e1b1e474aff-001_inquiry-3142967110339410666.pdf;.pdf;1007.06;2026-03-23 13:42:43;2026-03-23 13:42:43;C:\Users\HP\Desktop\Kesko vastaus 3.2.2026\Repair_Invoices\2025-07-22_12-50_9952770c-3a65-4b93-b618-9e1b1e474aff-001_inquiry-3142967110339410666.pdf
Kesko vastaus 3.2.2026;2025-07-22_12-50_MarkusKaprio_KeskoReklamaatio_22_7_2025.pdf;.pdf;634.15;2026-03-23 13:42:43;2026-03-23 13:42:43;C:\Users\HP\Desktop\Kesko vastaus 3.2.2026\Repair_Invoices\2025-07-22_12-50_MarkusKaprio_KeskoReklamaatio_22_7_2025.pdf
Kesko vastaus 3.2.2026;2025-08-04_16-11_Audi AG.pdf;.pdf;1007.06;2026-03-23 13:41:16;2026-03-23 13:41:16;C:\Users\HP\Desktop\Kesko vastaus 3.2.2026\Repair_Invoices\2025-08-04_16-11_Audi AG.pdf
Kesko vastaus 3.2.2026;2025-08-04_16-11_Audi Q7 e-tron  Markus Kaprio finnland.pdf;.pdf;846.36;2026-03-23 13:41:16;2026-03-23 13:41:16;C:\Users\HP\Desktop\Kesko vastaus 3.2.2026\Repair_Invoices\2025-08-04_16-11_Audi Q7 e-tron  Markus Kaprio finnland.pdf
Kesko vastaus 3.2.2026;2025-08-04_16-11_MarkusKaprio_KeskoReklamaatio_4_8_2025.pdf;.pdf;634.15;2026-03-23 13:41:16;2026-03-23 13:41:16;C:\Users\HP\Desktop\Kesko vastaus 3.2.2026\Repair_Invoices\2025-08-04_16-11_MarkusKaprio_KeskoReklamaatio_4_8_2025.pdf
Kesko vastaus 3.2.2026;2025-08-07_12-24_Audi Q7 e-tron  Markus Kaprio finnland.pdf;.pdf;846.36;2026-03-23 13:41:17;2026-03-23 13:41:17;C:\Users\HP\Desktop\Kesko vastaus 3.2.2026\Repair_Invoices\2025-08-07_12-24_Audi Q7 e-tron  Markus Kaprio finnland.pdf
Kesko vastaus 3.2.2026;2025-08-07_12-24_Kaprio ja RZS-139 Audi Q7 e-Tron.jpg;.jpg;448.83;2026-03-23 13:41:17;2026-03-23 13:41:17;C:\Users\HP\Desktop\Kesko vastaus 3.2.2026\Repair_Invoices\2025-08-07_12-24_Kaprio ja RZS-139 Audi Q7 e-Tron.jpg
Kesko vastaus 3.2.2026;2025-08-13_19-52_RISKILIITE_syvapurkaus_AudiQ7.pdf;.pdf;3.35;2026-03-23 13:41:17;2026-03-23 13:41:17;C:\Users\HP\Desktop\Kesko vastaus 3.2.2026\Repair_Invoices\2025-08-13_19-52_RISKILIITE_syvapurkaus_AudiQ7.pdf
Kesko vastaus 3.2.2026;2025-08-14_14-39_RISKILIITE_syvapurkaus_AudiQ7.pdf;.pdf;3.35;2026-03-23 13:41:17;2026-03-23 13:41:17;C:\Users\HP\Desktop\Kesko vastaus 3.2.2026\Repair_Invoices\2025-08-14_14-39_RISKILIITE_syvapurkaus_AudiQ7.pdf
Kesko vastaus 3.2.2026;2025-08-17_13-33_AUDI 15.2.2025 ja vikailmoitus.jpg;.jpg;104.43;2026-03-23 13:41:17;2026-03-23 13:41:17;C:\Users\HP\Desktop\Kesko vastaus 3.2.2026\Repair_Invoices\2025-08-17_13-33_AUDI 15.2.2025 ja vikailmoitus.jpg
Kesko vastaus 3.2.2026;2025-08-17_13-33_Audi AG.pdf;.pdf;1007.06;2026-03-23 13:41:17;2026-03-23 13:41:17;C:\Users\HP\Desktop\Kesko vastaus 3.2.2026\Repair_Invoices\2025-08-17_13-33_Audi AG.pdf
Kesko vastaus 3.2.2026;2025-08-17_13-33_Audi Q7 e-tron  Markus Kaprio finnland.pdf;.pdf;846.36;2026-03-23 13:41:17;2026-03-23 13:41:17;C:\Users\HP\Desktop\Kesko vastaus 3.2.2026\Repair_Invoices\2025-08-17_13-33_Audi Q7 e-tron  Markus Kaprio finnland.pdf
Kesko vastaus 3.2.2026;2025-08-17_13-33_Kaprio ja RZS-139 Audi Q7 e-Tron.jpg;.jpg;448.83;2026-03-23 13:41:17;2026-03-23 13:41:17;C:\Users\HP\Desktop\Kesko vastaus 3.2.2026\Repair_Invoices\2025-08-17_13-33_Kaprio ja RZS-139 Audi Q7 e-Tron.jpg
Kesko vastaus 3.2.2026;2025-08-17_13-33_Kuva 1 korjauskustannus 45 000 1.3.2023 huollosta.png;.png;45.57;2026-03-23 13:41:17;2026-03-23 13:41:17;C:\Users\HP\Desktop\Kesko vastaus 3.2.2026\Repair_Invoices\2025-08-17_13-33_Kuva 1 korjauskustannus 45 000 1.3.2023 huollosta.png
Kesko vastaus 3.2.2026;2025-08-17_13-33_PÖRHÖ ja testeri-mittaus 5.2.2025.jpg;.jpg;242.23;2026-03-23 13:41:17;2026-03-23 13:41:17;C:\Users\HP\Desktop\Kesko vastaus 3.2.2026\Repair_Invoices\2025-08-17_13-33_PÖRHÖ ja testeri-mittaus 5.2.2025.jpg
Kesko vastaus 3.2.2026;2025-08-17_13-33_Santander Osamaksu.pdf;.pdf;143.52;2026-03-23 13:41:17;2026-03-23 13:41:17;C:\Users\HP\Desktop\Kesko vastaus 3.2.2026\Repair_Invoices\2025-08-17_13-33_Santander Osamaksu.pdf
Kesko vastaus 3.2.2026;2025-08-17_13-33_Santander Osamaksutiedot.pdf;.pdf;88.67;2026-03-23 13:41:17;2026-03-23 13:41:17;C:\Users\HP\Desktop\Kesko vastaus 3.2.2026\Repair_Invoices\2025-08-17_13-33_Santander Osamaksutiedot.pdf
Kesko vastaus 3.2.2026;2025-08-18_10-50_AUDI 15.2.2025 ja vikailmoitus.jpg;.jpg;104.43;2026-03-23 13:41:18;2026-03-23 13:41:18;C:\Users\HP\Desktop\Kesko vastaus 3.2.2026\Repair_Invoices\2025-08-18_10-50_AUDI 15.2.2025 ja vikailmoitus.jpg
Kesko vastaus 3.2.2026;2025-08-18_10-50_Audi AG.pdf;.pdf;1007.06;2026-03-23 13:41:18;2026-03-23 13:41:18;C:\Users\HP\Desktop\Kesko vastaus 3.2.2026\Repair_Invoices\2025-08-18_10-50_Audi AG.pdf
Kesko vastaus 3.2.2026;2025-08-18_10-50_Audi Q7 e-tron  Markus Kaprio finnland.pdf;.pdf;846.36;2026-03-23 13:41:18;2026-03-23 13:41:18;C:\Users\HP\Desktop\Kesko vastaus 3.2.2026\Repair_Invoices\2025-08-18_10-50_Audi Q7 e-tron  Markus Kaprio finnland.pdf
Kesko vastaus 3.2.2026;2025-08-18_10-50_blocked.gif;.gif;0.12;2026-03-23 13:41:18;2026-03-23 13:41:18;C:\Users\HP\Desktop\Kesko vastaus 3.2.2026\Repair_Invoices\2025-08-18_10-50_blocked.gif
Kesko vastaus 3.2.2026;2025-08-18_10-50_Kaprio ja RZS-139 Audi Q7 e-Tron.jpg;.jpg;448.83;2026-03-23 13:41:18;2026-03-23 13:41:18;C:\Users\HP\Desktop\Kesko vastaus 3.2.2026\Repair_Invoices\2025-08-18_10-50_Kaprio ja RZS-139 Audi Q7 e-Tron.jpg
Kesko vastaus 3.2.2026;2025-08-18_10-50_Kuva 1 korjauskustannus 45 000 1.3.2023 huollosta.png;.png;45.57;2026-03-23 13:41:18;2026-03-23 13:41:18;C:\Users\HP\Desktop\Kesko vastaus 3.2.2026\Repair_Invoices\2025-08-18_10-50_Kuva 1 korjauskustannus 45 000 1.3.2023 huollosta.png
Kesko vastaus 3.2.2026;2025-08-18_10-50_PÖRHÖ ja testeri-mittaus 5.2.2025.jpg;.jpg;242.23;2026-03-23 13:41:18;2026-03-23 13:41:18;C:\Users\HP\Desktop\Kesko vastaus 3.2.2026\Repair_Invoices\2025-08-18_10-50_PÖRHÖ ja testeri-mittaus 5.2.2025.jpg
Kesko vastaus 3.2.2026;2025-08-18_10-50_Santander Osamaksu.pdf;.pdf;143.52;2026-03-23 13:41:18;2026-03-23 13:41:18;C:\Users\HP\Desktop\Kesko vastaus 3.2.2026\Repair_Invoices\2025-08-18_10-50_Santander Osamaksu.pdf
Kesko vastaus 3.2.2026;2025-08-18_10-50_Santander Osamaksutiedot.pdf;.pdf;88.67;2026-03-23 13:41:18;2026-03-23 13:41:18;C:\Users\HP\Desktop\Kesko vastaus 3.2.2026\Repair_Invoices\2025-08-18_10-50_Santander Osamaksutiedot.pdf
Kesko vastaus 3.2.2026;2025-08-18_10-56_AUDI 15.2.2025 ja vikailmoitus.jpg;.jpg;104.43;2026-03-23 13:41:19;2026-03-23 13:41:19;C:\Users\HP\Desktop\Kesko vastaus 3.2.2026\Repair_Invoices\2025-08-18_10-56_AUDI 15.2.2025 ja vikailmoitus.jpg
Kesko vastaus 3.2.2026;2025-08-18_10-56_Audi AG.pdf;.pdf;1007.06;2026-03-23 13:41:19;2026-03-23 13:41:19;C:\Users\HP\Desktop\Kesko vastaus 3.2.2026\Repair_Invoices\2025-08-18_10-56_Audi AG.pdf
Kesko vastaus 3.2.2026;2025-08-18_10-56_Audi Q7 e-tron  Markus Kaprio finnland.pdf;.pdf;846.36;2026-03-23 13:41:19;2026-03-23 13:41:19;C:\Users\HP\Desktop\Kesko vastaus 3.2.2026\Repair_Invoices\2025-08-18_10-56_Audi Q7 e-tron  Markus Kaprio finnland.pdf
Kesko vastaus 3.2.2026;2025-08-18_10-56_blocked.gif;.gif;0.12;2026-03-23 13:41:19;2026-03-23 13:41:19;C:\Users\HP\Desktop\Kesko vastaus 3.2.2026\Repair_Invoices\2025-08-18_10-56_blocked.gif
Kesko vastaus 3.2.2026;2025-08-18_10-56_Kaprio ja RZS-139 Audi Q7 e-Tron.jpg;.jpg;448.83;2026-03-23 13:41:19;2026-03-23 13:41:19;C:\Users\HP\Desktop\Kesko vastaus 3.2.2026\Repair_Invoices\2025-08-18_10-56_Kaprio ja RZS-139 Audi Q7 e-Tron.jpg
Kesko vastaus 3.2.2026;2025-08-18_10-56_Kuva 1 korjauskustannus 45 000 1.3.2023 huollosta.png;.png;45.57;2026-03-23 13:41:19;2026-03-23 13:41:19;C:\Users\HP\Desktop\Kesko vastaus 3.2.2026\Repair_Invoices\2025-08-18_10-56_Kuva 1 korjauskustannus 45 000 1.3.2023 huollosta.png
Kesko vastaus 3.2.2026;2025-08-18_10-56_PÖRHÖ ja testeri-mittaus 5.2.2025.jpg;.jpg;242.23;2026-03-23 13:41:19;2026-03-23 13:41:19;C:\Users\HP\Desktop\Kesko vastaus 3.2.2026\Repair_Invoices\2025-08-18_10-56_PÖRHÖ ja testeri-mittaus 5.2.2025.jpg
Kesko vastaus 3.2.2026;2025-08-18_10-56_Santander Osamaksu.pdf;.pdf;143.52;2026-03-23 13:41:19;2026-03-23 13:41:19;C:\Users\HP\Desktop\Kesko vastaus 3.2.2026\Repair_Invoices\2025-08-18_10-56_Santander Osamaksu.pdf
Kesko vastaus 3.2.2026;2025-08-18_10-56_Santander Osamaksutiedot.pdf;.pdf;88.67;2026-03-23 13:41:19;2026-03-23 13:41:19;C:\Users\HP\Desktop\Kesko vastaus 3.2.2026\Repair_Invoices\2025-08-18_10-56_Santander Osamaksutiedot.pdf
Kesko vastaus 3.2.2026;2025-08-22_12-59_image001.png;.png;26.52;2026-03-23 13:42:56;2026-03-23 13:42:56;C:\Users\HP\Desktop\Kesko vastaus 3.2.2026\Repair_Invoices\2025-08-22_12-59_image001.png
Kesko vastaus 3.2.2026;2025-08-25_11-23_Ramis Coffee vastaus Kaprio.pdf;.pdf;893.03;2026-03-23 13:40:13;2026-03-23 13:40:13;C:\Users\HP\Desktop\Kesko vastaus 3.2.2026\Repair_Invoices\2025-08-25_11-23_Ramis Coffee vastaus Kaprio.pdf
Kesko vastaus 3.2.2026;2025-08-26_11-57_AUDI 15.2.2025 ja vikailmoitus.jpg;.jpg;104.43;2026-03-23 13:41:19;2026-03-23 13:41:19;C:\Users\HP\Desktop\Kesko vastaus 3.2.2026\Repair_Invoices\2025-08-26_11-57_AUDI 15.2.2025 ja vikailmoitus.jpg
Kesko vastaus 3.2.2026;2025-09-04_14-11_AUDI RZS-139 TRAFI-tiedot.pdf;.pdf;776.24;2026-03-23 13:44:22;2026-03-23 13:44:22;C:\Users\HP\Desktop\Kesko vastaus 3.2.2026\Repair_Invoices\2025-09-04_14-11_AUDI RZS-139 TRAFI-tiedot.pdf
Kesko vastaus 3.2.2026;2025-09-04_14-11_Kuva 1 korjauskustannus 45 000 1.3.2023 huollosta.png;.png;45.57;2026-03-23 13:44:22;2026-03-23 13:44:22;C:\Users\HP\Desktop\Kesko vastaus 3.2.2026\Repair_Invoices\2025-09-04_14-11_Kuva 1 korjauskustannus 45 000 1.3.2023 huollosta.png
Kesko vastaus 3.2.2026;2025-09-04_14-11_Lasku käsirahasta.pdf;.pdf;86.27;2026-03-23 13:44:22;2026-03-23 13:44:22;C:\Users\HP\Desktop\Kesko vastaus 3.2.2026\Repair_Invoices\2025-09-04_14-11_Lasku käsirahasta.pdf
Kesko vastaus 3.2.2026;2025-09-04_14-11_PÖRHÖ ja testeri-mittaus 5.2.2025.jpg;.jpg;242.23;2026-03-23 13:44:22;2026-03-23 13:44:22;C:\Users\HP\Desktop\Kesko vastaus 3.2.2026\Repair_Invoices\2025-09-04_14-11_PÖRHÖ ja testeri-mittaus 5.2.2025.jpg
Kesko vastaus 3.2.2026;2025-09-04_14-11_Santander Osamaksu.pdf;.pdf;143.52;2026-03-23 13:44:22;2026-03-23 13:44:22;C:\Users\HP\Desktop\Kesko vastaus 3.2.2026\Repair_Invoices\2025-09-04_14-11_Santander Osamaksu.pdf
Kesko vastaus 3.2.2026;2025-09-04_14-11_Santander Osamaksutiedot.pdf;.pdf;88.67;2026-03-23 13:44:22;2026-03-23 13:44:22;C:\Users\HP\Desktop\Kesko vastaus 3.2.2026\Repair_Invoices\2025-09-04_14-11_Santander Osamaksutiedot.pdf
Kesko vastaus 3.2.2026;2025-09-04_14-11_Vikailmoitus.png;.png;401.73;2026-03-23 13:44:22;2026-03-23 13:44:22;C:\Users\HP\Desktop\Kesko vastaus 3.2.2026\Repair_Invoices\2025-09-04_14-11_Vikailmoitus.png
Kesko vastaus 3.2.2026;2025-09-05_13-48_AUDI RZS-139 TRAFI-tiedot.pdf;.pdf;776.24;2026-03-23 13:41:19;2026-03-23 13:41:19;C:\Users\HP\Desktop\Kesko vastaus 3.2.2026\Repair_Invoices\2025-09-05_13-48_AUDI RZS-139 TRAFI-tiedot.pdf
Kesko vastaus 3.2.2026;2025-09-05_13-48_Kaprio ja RZS-139 Audi Q7 e-Tron.jpg;.jpg;448.83;2026-03-23 13:41:19;2026-03-23 13:41:19;C:\Users\HP\Desktop\Kesko vastaus 3.2.2026\Repair_Invoices\2025-09-05_13-48_Kaprio ja RZS-139 Audi Q7 e-Tron.jpg
Kesko vastaus 3.2.2026;2025-09-05_13-48_PÖRHÖ ja testeri-mittaus 5.2.2025.jpg;.jpg;242.23;2026-03-23 13:41:19;2026-03-23 13:41:19;C:\Users\HP\Desktop\Kesko vastaus 3.2.2026\Repair_Invoices\2025-09-05_13-48_PÖRHÖ ja testeri-mittaus 5.2.2025.jpg
Kesko vastaus 3.2.2026;2025-09-10_17-13_blocked.gif;.gif;0.12;2026-03-23 13:41:20;2026-03-23 13:41:20;C:\Users\HP\Desktop\Kesko vastaus 3.2.2026\Repair_Invoices\2025-09-10_17-13_blocked.gif
Kesko vastaus 3.2.2026;2025-09-12_16-08_ATT00001.jpg;.jpg;26.52;2026-03-23 13:42:56;2026-03-23 13:42:56;C:\Users\HP\Desktop\Kesko vastaus 3.2.2026\Repair_Invoices\2025-09-12_16-08_ATT00001.jpg
Kesko vastaus 3.2.2026;2025-09-15_14-59_Ajoneuvon tiedot RZS-139.pdf;.pdf;272.34;2026-03-23 13:40:13;2026-03-23 13:40:13;C:\Users\HP\Desktop\Kesko vastaus 3.2.2026\Repair_Invoices\2025-09-15_14-59_Ajoneuvon tiedot RZS-139.pdf
Kesko vastaus 3.2.2026;2025-09-15_14-59_Asiakastiedot Kaprio 25_6_2025 K Auto Oy.pdf;.pdf;116.55;2026-03-23 13:40:13;2026-03-23 13:40:13;C:\Users\HP\Desktop\Kesko vastaus 3.2.2026\Repair_Invoices\2025-09-15_14-59_Asiakastiedot Kaprio 25_6_2025 K Auto Oy.pdf
Kesko vastaus 3.2.2026;2025-09-15_14-59_Henkilötietojasi koskeva toimenpidepyyntö on käsitelty-tietosuojapalvelukesko.fi.zip;.zip;5.79;2026-03-23 13:40:13;2026-03-23 13:40:13;C:\Users\HP\Desktop\Kesko vastaus 3.2.2026\Repair_Invoices\2025-09-15_14-59_Henkilötietojasi koskeva toimenpidepyyntö on käsitelty-tietosuojapalvelukesko.fi.zip
Kesko vastaus 3.2.2026;2025-09-15_14-59_Huoltohistoria Excel 2 1 1.xlsx;.xlsx;31.37;2026-03-23 13:40:13;2026-03-23 13:40:13;C:\Users\HP\Desktop\Kesko vastaus 3.2.2026\Repair_Invoices\2025-09-15_14-59_Huoltohistoria Excel 2 1 1.xlsx
Kesko vastaus 3.2.2026;2025-09-15_14-59_rikosilmoitustuloste.pdf;.pdf;261.29;2026-03-23 13:40:13;2026-03-23 13:40:13;C:\Users\HP\Desktop\Kesko vastaus 3.2.2026\Repair_Invoices\2025-09-15_14-59_rikosilmoitustuloste.pdf
Kesko vastaus 3.2.2026;2025-09-15_14-59_RISKILIITE_syvapurkaus_AudiQ7.pdf;.pdf;3.35;2026-03-23 13:40:13;2026-03-23 13:40:13;C:\Users\HP\Desktop\Kesko vastaus 3.2.2026\Repair_Invoices\2025-09-15_14-59_RISKILIITE_syvapurkaus_AudiQ7.pdf
Kesko vastaus 3.2.2026;2025-09-15_14-59_tuloste_virkaapu.pdf;.pdf;217.42;2026-03-23 13:40:13;2026-03-23 13:40:13;C:\Users\HP\Desktop\Kesko vastaus 3.2.2026\Repair_Invoices\2025-09-15_14-59_tuloste_virkaapu.pdf
Kesko vastaus 3.2.2026;2025-09-15_15-21_K-Auto korjaamotieto vaihteisto.png;.png;128.15;2026-03-23 13:44:22;2026-03-23 13:44:22;C:\Users\HP\Desktop\Kesko vastaus 3.2.2026\Repair_Invoices\2025-09-15_15-21_K-Auto korjaamotieto vaihteisto.png
Kesko vastaus 3.2.2026;2025-09-15_15-21_K-Auto korjaamotietoa.png;.png;112.88;2026-03-23 13:44:22;2026-03-23 13:44:22;C:\Users\HP\Desktop\Kesko vastaus 3.2.2026\Repair_Invoices\2025-09-15_15-21_K-Auto korjaamotietoa.png
Kesko vastaus 3.2.2026;2025-09-15_15-27_9952770c-3a65-4b93-b618-9e1b1e474aff-001_inquiry-3142967110339410666.pdf;.pdf;1007.06;2026-03-23 13:44:22;2026-03-23 13:44:22;C:\Users\HP\Desktop\Kesko vastaus 3.2.2026\Repair_Invoices\2025-09-15_15-27_9952770c-3a65-4b93-b618-9e1b1e474aff-001_inquiry-3142967110339410666.pdf
Kesko vastaus 3.2.2026;2025-09-15_15-29_Audi Q7 e-tron  Markus Kaprio finnland.pdf;.pdf;846.36;2026-03-23 13:44:23;2026-03-23 13:44:23;C:\Users\HP\Desktop\Kesko vastaus 3.2.2026\Repair_Invoices\2025-09-15_15-29_Audi Q7 e-tron  Markus Kaprio finnland.pdf
Kesko vastaus 3.2.2026;2025-09-15_15-29_Vikakoodi 1.png;.png;54.3;2026-03-23 13:44:23;2026-03-23 13:44:23;C:\Users\HP\Desktop\Kesko vastaus 3.2.2026\Repair_Invoices\2025-09-15_15-29_Vikakoodi 1.png
Kesko vastaus 3.2.2026;2025-09-15_15-29_Vikakoodi2.png;.png;52.96;2026-03-23 13:44:23;2026-03-23 13:44:23;C:\Users\HP\Desktop\Kesko vastaus 3.2.2026\Repair_Invoices\2025-09-15_15-29_Vikakoodi2.png
Kesko vastaus 3.2.2026;2025-09-15_15-29_Vikakoodi3.png;.png;53.49;2026-03-23 13:44:23;2026-03-23 13:44:23;C:\Users\HP\Desktop\Kesko vastaus 3.2.2026\Repair_Invoices\2025-09-15_15-29_Vikakoodi3.png
Kesko vastaus 3.2.2026;2025-09-15_15-29_Vikakoodit.png;.png;42.55;2026-03-23 13:44:23;2026-03-23 13:44:23;C:\Users\HP\Desktop\Kesko vastaus 3.2.2026\Repair_Invoices\2025-09-15_15-29_Vikakoodit.png
Kesko vastaus 3.2.2026;2025-09-15_15-35_siirtopyyntö ajoneuvo.pdf;.pdf;24.17;2026-03-23 13:44:23;2026-03-23 13:44:23;C:\Users\HP\Desktop\Kesko vastaus 3.2.2026\Repair_Invoices\2025-09-15_15-35_siirtopyyntö ajoneuvo.pdf
Kesko vastaus 3.2.2026;2025-09-15_15-47_audi-anschlussgarantie-garantiebedingungen_0818.pdf;.pdf;29.79;2026-03-23 13:44:23;2026-03-23 13:44:23;C:\Users\HP\Desktop\Kesko vastaus 3.2.2026\Repair_Invoices\2025-09-15_15-47_audi-anschlussgarantie-garantiebedingungen_0818.pdf
Kesko vastaus 3.2.2026;2025-09-15_15-47_Error-message.JPG;.jpg;144.53;2026-03-23 13:44:23;2026-03-23 13:44:23;C:\Users\HP\Desktop\Kesko vastaus 3.2.2026\Repair_Invoices\2025-09-15_15-47_Error-message.JPG
Kesko vastaus 3.2.2026;2025-09-15_15-47_Pörhö garage.JPG;.jpg;298.37;2026-03-23 13:44:23;2026-03-23 13:44:23;C:\Users\HP\Desktop\Kesko vastaus 3.2.2026\Repair_Invoices\2025-09-15_15-47_Pörhö garage.JPG
Kesko vastaus 3.2.2026;2025-09-15_15-48_Kesko SpeakUp-vastaus Harri Spolander 2.png;.png;192.24;2026-03-23 13:44:23;2026-03-23 13:44:23;C:\Users\HP\Desktop\Kesko vastaus 3.2.2026\Repair_Invoices\2025-09-15_15-48_Kesko SpeakUp-vastaus Harri Spolander 2.png
Kesko vastaus 3.2.2026;2025-09-15_15-50_Audi_AG_Kirje_Suomi_Saksa.pdf;.pdf;4.31;2026-03-23 13:44:25;2026-03-23 13:44:25;C:\Users\HP\Desktop\Kesko vastaus 3.2.2026\Repair_Invoices\2025-09-15_15-50_Audi_AG_Kirje_Suomi_Saksa.pdf
Kesko vastaus 3.2.2026;2025-09-15_15-50_Kesko SpeakUp-vastaus Harri Spolander 2.png;.png;192.24;2026-03-23 13:44:24;2026-03-23 13:44:24;C:\Users\HP\Desktop\Kesko vastaus 3.2.2026\Repair_Invoices\2025-09-15_15-50_Kesko SpeakUp-vastaus Harri Spolander 2.png
Kesko vastaus 3.2.2026;2025-09-15_15-50_Kesko SpeakUp-vastaus Harri Spolander.png;.png;254.91;2026-03-23 13:44:24;2026-03-23 13:44:24;C:\Users\HP\Desktop\Kesko vastaus 3.2.2026\Repair_Invoices\2025-09-15_15-50_Kesko SpeakUp-vastaus Harri Spolander.png
Kesko vastaus 3.2.2026;2025-09-15_15-50_Lasku käsirahasta Ramis Auto.pdf;.pdf;88.98;2026-03-23 13:44:24;2026-03-23 13:44:24;C:\Users\HP\Desktop\Kesko vastaus 3.2.2026\Repair_Invoices\2025-09-15_15-50_Lasku käsirahasta Ramis Auto.pdf
Kesko vastaus 3.2.2026;2025-09-15_15-50_Näyttökuva 2025-02-20 kello 16.21.24.png;.png;608.26;2026-03-23 13:44:25;2026-03-23 13:44:25;C:\Users\HP\Desktop\Kesko vastaus 3.2.2026\Repair_Invoices\2025-09-15_15-50_Näyttökuva 2025-02-20 kello 16.21.24.png
Kesko vastaus 3.2.2026;2025-09-15_15-50_Näyttökuva 2025-02-20 kello 16.22.07.png;.png;8863.98;2026-03-23 13:44:24;2026-03-23 13:44:25;C:\Users\HP\Desktop\Kesko vastaus 3.2.2026\Repair_Invoices\2025-09-15_15-50_Näyttökuva 2025-02-20 kello 16.22.07.png
Kesko vastaus 3.2.2026;2025-09-15_15-50_Näyttökuva 2025-02-23 kello 17.57.22.png;.png;352.45;2026-03-23 13:44:25;2026-03-23 13:44:25;C:\Users\HP\Desktop\Kesko vastaus 3.2.2026\Repair_Invoices\2025-09-15_15-50_Näyttökuva 2025-02-23 kello 17.57.22.png
Kesko vastaus 3.2.2026;2025-09-15_15-50_Näyttökuva 2025-02-23 kello 17.57.54.png;.png;247.36;2026-03-23 13:44:25;2026-03-23 13:44:25;C:\Users\HP\Desktop\Kesko vastaus 3.2.2026\Repair_Invoices\2025-09-15_15-50_Näyttökuva 2025-02-23 kello 17.57.54.png
Kesko vastaus 3.2.2026;2025-09-15_15-50_Näyttökuva 2025-02-23 kello 17.58.18.png;.png;287.75;2026-03-23 13:44:25;2026-03-23 13:44:25;C:\Users\HP\Desktop\Kesko vastaus 3.2.2026\Repair_Invoices\2025-09-15_15-50_Näyttökuva 2025-02-23 kello 17.58.18.png
Kesko vastaus 3.2.2026;2025-09-15_15-50_Näyttökuva 2025-02-25 kello 15.15.23.png;.png;535.18;2026-03-23 13:44:25;2026-03-23 13:44:25;C:\Users\HP\Desktop\Kesko vastaus 3.2.2026\Repair_Invoices\2025-09-15_15-50_Näyttökuva 2025-02-25 kello 15.15.23.png
Kesko vastaus 3.2.2026;2025-09-15_15-50_PÖRHÖ Tietopyyntö 27 Hel.pdf;.pdf;42.13;2026-03-23 13:44:24;2026-03-23 13:44:24;C:\Users\HP\Desktop\Kesko vastaus 3.2.2026\Repair_Invoices\2025-09-15_15-50_PÖRHÖ Tietopyyntö 27 Hel.pdf
Kesko vastaus 3.2.2026;2025-09-15_15-50_Santander Osamaksu Ramis Auto.pdf;.pdf;143.52;2026-03-23 13:44:24;2026-03-23 13:44:24;C:\Users\HP\Desktop\Kesko vastaus 3.2.2026\Repair_Invoices\2025-09-15_15-50_Santander Osamaksu Ramis Auto.pdf
Kesko vastaus 3.2.2026;2025-09-15_15-50_Täydennys KRL 10.3.2025 Markus Kaprio.pdf;.pdf;48.99;2026-03-23 13:44:24;2026-03-23 13:44:24;C:\Users\HP\Desktop\Kesko vastaus 3.2.2026\Repair_Invoices\2025-09-15_15-50_Täydennys KRL 10.3.2025 Markus Kaprio.pdf
Kesko vastaus 3.2.2026;2025-09-15_15-50_Vastaus Pörhö Autoliike Oy 27.2.2025.pdf;.pdf;31.22;2026-03-23 13:44:24;2026-03-23 13:44:24;C:\Users\HP\Desktop\Kesko vastaus 3.2.2026\Repair_Invoices\2025-09-15_15-50_Vastaus Pörhö Autoliike Oy 27.2.2025.pdf
Kesko vastaus 3.2.2026;2025-09-15_15-50_Vastaus Pörhö Autoliike Oy laiminlyöntiin.pdf;.pdf;64.68;2026-03-23 13:44:24;2026-03-23 13:44:24;C:\Users\HP\Desktop\Kesko vastaus 3.2.2026\Repair_Invoices\2025-09-15_15-50_Vastaus Pörhö Autoliike Oy laiminlyöntiin.pdf
Kesko vastaus 3.2.2026;2025-09-15_15-51_Vastaus Pörhö Autoliike Oy 27.2.2025.pdf;.pdf;31.22;2026-03-23 13:44:25;2026-03-23 13:44:25;C:\Users\HP\Desktop\Kesko vastaus 3.2.2026\Repair_Invoices\2025-09-15_15-51_Vastaus Pörhö Autoliike Oy 27.2.2025.pdf
Kesko vastaus 3.2.2026;2025-09-15_15-54_Johanna Ali ja LinkedIN viesti 1..png;.png;352.45;2026-03-23 13:44:26;2026-03-23 13:44:26;C:\Users\HP\Desktop\Kesko vastaus 3.2.2026\Repair_Invoices\2025-09-15_15-54_Johanna Ali ja LinkedIN viesti 1..png
Kesko vastaus 3.2.2026;2025-09-15_15-54_Johanna Ali ja LinkedIN viesti 2.png;.png;303.67;2026-03-23 13:44:26;2026-03-23 13:44:26;C:\Users\HP\Desktop\Kesko vastaus 3.2.2026\Repair_Invoices\2025-09-15_15-54_Johanna Ali ja LinkedIN viesti 2.png
Kesko vastaus 3.2.2026;2025-09-15_15-54_Johanna Ali ja LinkedIN viesti 3.png;.png;247.36;2026-03-23 13:44:26;2026-03-23 13:44:26;C:\Users\HP\Desktop\Kesko vastaus 3.2.2026\Repair_Invoices\2025-09-15_15-54_Johanna Ali ja LinkedIN viesti 3.png
Kesko vastaus 3.2.2026;2025-09-15_15-54_Johanna Ali ja LinkedIN viesti sekä yksi kuva VCDS-raportin sivusta.png;.png;1383.72;2026-03-23 13:44:26;2026-03-23 13:44:26;C:\Users\HP\Desktop\Kesko vastaus 3.2.2026\Repair_Invoices\2025-09-15_15-54_Johanna Ali ja LinkedIN viesti sekä yksi kuva VCDS-raportin sivusta.png
Kesko vastaus 3.2.2026;2025-09-15_15-54_KRL-valitus.pdf;.pdf;71.55;2026-03-23 13:44:26;2026-03-23 13:44:26;C:\Users\HP\Desktop\Kesko vastaus 3.2.2026\Repair_Invoices\2025-09-15_15-54_KRL-valitus.pdf
Kesko vastaus 3.2.2026;2025-09-15_15-54_Santader kuva Anya.PNG;.png;1077.87;2026-03-23 13:44:25;2026-03-23 13:44:26;C:\Users\HP\Desktop\Kesko vastaus 3.2.2026\Repair_Invoices\2025-09-15_15-54_Santader kuva Anya.PNG
Kesko vastaus 3.2.2026;2025-09-15_15-58_20250127085456236.pdf;.pdf;2095.61;2026-03-23 13:44:28;2026-03-23 13:44:28;C:\Users\HP\Desktop\Kesko vastaus 3.2.2026\Repair_Invoices\2025-09-15_15-58_20250127085456236.pdf
Kesko vastaus 3.2.2026;2025-09-15_15-58_Näyttökuva 2025-02-20 kello 16.22.07.png;.png;8863.98;2026-03-23 13:44:28;2026-03-23 13:44:28;C:\Users\HP\Desktop\Kesko vastaus 3.2.2026\Repair_Invoices\2025-09-15_15-58_Näyttökuva 2025-02-20 kello 16.22.07.png
Kesko vastaus 3.2.2026;2025-09-15_15-58_Näyttökuva 2025-02-23 kello 17.57.22.png;.png;352.45;2026-03-23 13:44:28;2026-03-23 13:44:28;C:\Users\HP\Desktop\Kesko vastaus 3.2.2026\Repair_Invoices\2025-09-15_15-58_Näyttökuva 2025-02-23 kello 17.57.22.png
Kesko vastaus 3.2.2026;2025-09-15_15-58_Näyttökuva 2025-02-23 kello 17.57.38.png;.png;303.67;2026-03-23 13:44:28;2026-03-23 13:44:28;C:\Users\HP\Desktop\Kesko vastaus 3.2.2026\Repair_Invoices\2025-09-15_15-58_Näyttökuva 2025-02-23 kello 17.57.38.png
Kesko vastaus 3.2.2026;2025-09-15_15-58_Näyttökuva 2025-02-23 kello 17.57.54.png;.png;247.36;2026-03-23 13:44:28;2026-03-23 13:44:28;C:\Users\HP\Desktop\Kesko vastaus 3.2.2026\Repair_Invoices\2025-09-15_15-58_Näyttökuva 2025-02-23 kello 17.57.54.png
Kesko vastaus 3.2.2026;2025-09-15_15-58_Näyttökuva 2025-02-23 kello 17.58.18.png;.png;287.75;2026-03-23 13:44:28;2026-03-23 13:44:28;C:\Users\HP\Desktop\Kesko vastaus 3.2.2026\Repair_Invoices\2025-09-15_15-58_Näyttökuva 2025-02-23 kello 17.58.18.png
Kesko vastaus 3.2.2026;2025-09-15_16-03_Error-message.JPG;.jpg;144.53;2026-03-23 13:44:29;2026-03-23 13:44:29;C:\Users\HP\Desktop\Kesko vastaus 3.2.2026\Repair_Invoices\2025-09-15_16-03_Error-message.JPG
Kesko vastaus 3.2.2026;2025-09-15_16-10_Näyttökuva 2025-01-16 kello 16.20.45.png;.png;1500.32;2026-03-23 13:44:29;2026-03-23 13:44:29;C:\Users\HP\Desktop\Kesko vastaus 3.2.2026\Repair_Invoices\2025-09-15_16-10_Näyttökuva 2025-01-16 kello 16.20.45.png
Kesko vastaus 3.2.2026;2025-09-15_16-34_Ramis Coffee vastaus Kaprio.pdf;.pdf;893.03;2026-03-23 13:40:13;2026-03-23 13:40:13;C:\Users\HP\Desktop\Kesko vastaus 3.2.2026\Repair_Invoices\2025-09-15_16-34_Ramis Coffee vastaus Kaprio.pdf
Kesko vastaus 3.2.2026;2025-09-15_16-54_PÖRHÖ Tietopyyntö 27 Hel.pdf;.pdf;42.13;2026-03-23 13:44:29;2026-03-23 13:44:29;C:\Users\HP\Desktop\Kesko vastaus 3.2.2026\Repair_Invoices\2025-09-15_16-54_PÖRHÖ Tietopyyntö 27 Hel.pdf
Kesko vastaus 3.2.2026;2025-09-15_17-57_Nayttokuva 2022-3-22 kello 17.51.01.png;.png;435.76;2026-03-23 13:44:29;2026-03-23 13:44:29;C:\Users\HP\Desktop\Kesko vastaus 3.2.2026\Repair_Invoices\2025-09-15_17-57_Nayttokuva 2022-3-22 kello 17.51.01.png
Kesko vastaus 3.2.2026;2025-09-17_14-13_AUDI 15.2.2025 ja vikailmoitus.jpg;.jpg;104.43;2026-03-23 13:40:13;2026-03-23 13:40:13;C:\Users\HP\Desktop\Kesko vastaus 3.2.2026\Repair_Invoices\2025-09-17_14-13_AUDI 15.2.2025 ja vikailmoitus.jpg
Kesko vastaus 3.2.2026;2025-09-17_14-13_Audi AG.pdf;.pdf;1007.06;2026-03-23 13:40:13;2026-03-23 13:40:13;C:\Users\HP\Desktop\Kesko vastaus 3.2.2026\Repair_Invoices\2025-09-17_14-13_Audi AG.pdf
Kesko vastaus 3.2.2026;2025-09-17_14-13_Audi Q7 e-tron  Markus Kaprio finnland.pdf;.pdf;846.36;2026-03-23 13:40:13;2026-03-23 13:40:13;C:\Users\HP\Desktop\Kesko vastaus 3.2.2026\Repair_Invoices\2025-09-17_14-13_Audi Q7 e-tron  Markus Kaprio finnland.pdf
Kesko vastaus 3.2.2026;2025-09-17_14-13_blocked.gif;.gif;0.12;2026-03-23 13:40:13;2026-03-23 13:40:13;C:\Users\HP\Desktop\Kesko vastaus 3.2.2026\Repair_Invoices\2025-09-17_14-13_blocked.gif
Kesko vastaus 3.2.2026;2025-09-17_14-13_Kaprio ja RZS-139 Audi Q7 e-Tron.jpg;.jpg;448.83;2026-03-23 13:40:13;2026-03-23 13:40:13;C:\Users\HP\Desktop\Kesko vastaus 3.2.2026\Repair_Invoices\2025-09-17_14-13_Kaprio ja RZS-139 Audi Q7 e-Tron.jpg
Kesko vastaus 3.2.2026;2025-09-17_14-13_Kuva 1 korjauskustannus 45 000 1.3.2023 huollosta.png;.png;45.57;2026-03-23 13:40:13;2026-03-23 13:40:13;C:\Users\HP\Desktop\Kesko vastaus 3.2.2026\Repair_Invoices\2025-09-17_14-13_Kuva 1 korjauskustannus 45 000 1.3.2023 huollosta.png
Kesko vastaus 3.2.2026;2025-09-17_14-13_PÖRHÖ ja testeri-mittaus 5.2.2025.jpg;.jpg;242.23;2026-03-23 13:40:13;2026-03-23 13:40:13;C:\Users\HP\Desktop\Kesko vastaus 3.2.2026\Repair_Invoices\2025-09-17_14-13_PÖRHÖ ja testeri-mittaus 5.2.2025.jpg
Kesko vastaus 3.2.2026;2025-09-17_14-13_Santander Osamaksu.pdf;.pdf;143.52;2026-03-23 13:40:13;2026-03-23 13:40:13;C:\Users\HP\Desktop\Kesko vastaus 3.2.2026\Repair_Invoices\2025-09-17_14-13_Santander Osamaksu.pdf
Kesko vastaus 3.2.2026;2025-09-17_14-13_Santander Osamaksutiedot.pdf;.pdf;88.67;2026-03-23 13:40:13;2026-03-23 13:40:13;C:\Users\HP\Desktop\Kesko vastaus 3.2.2026\Repair_Invoices\2025-09-17_14-13_Santander Osamaksutiedot.pdf
Kesko vastaus 3.2.2026;2025-09-17_14-41_blocked.gif;.gif;0.12;2026-03-23 13:41:20;2026-03-23 13:41:20;C:\Users\HP\Desktop\Kesko vastaus 3.2.2026\Repair_Invoices\2025-09-17_14-41_blocked.gif
Kesko vastaus 3.2.2026;2025-09-18_16-46_blocked.gif;.gif;0.12;2026-03-23 13:41:20;2026-03-23 13:41:20;C:\Users\HP\Desktop\Kesko vastaus 3.2.2026\Repair_Invoices\2025-09-18_16-46_blocked.gif
Kesko vastaus 3.2.2026;2025-09-18_16-58_blocked.gif;.gif;0.12;2026-03-23 13:41:20;2026-03-23 13:41:20;C:\Users\HP\Desktop\Kesko vastaus 3.2.2026\Repair_Invoices\2025-09-18_16-58_blocked.gif
Kesko vastaus 3.2.2026;2025-09-22_08-03_blocked.gif;.gif;0.12;2026-03-23 13:40:13;2026-03-23 13:40:13;C:\Users\HP\Desktop\Kesko vastaus 3.2.2026\Repair_Invoices\2025-09-22_08-03_blocked.gif
Kesko vastaus 3.2.2026;2025-09-22_12-16_AUDI 15.2.2025 ja vikailmoitus.jpg;.jpg;104.43;2026-03-23 13:41:21;2026-03-23 13:41:21;C:\Users\HP\Desktop\Kesko vastaus 3.2.2026\Repair_Invoices\2025-09-22_12-16_AUDI 15.2.2025 ja vikailmoitus.jpg
Kesko vastaus 3.2.2026;2025-09-22_12-16_blocked.gif;.gif;0.12;2026-03-23 13:41:21;2026-03-23 13:41:21;C:\Users\HP\Desktop\Kesko vastaus 3.2.2026\Repair_Invoices\2025-09-22_12-16_blocked.gif
Kesko vastaus 3.2.2026;2025-09-22_12-16_Kaprio ja RZS-139 Audi Q7 e-Tron.jpg;.jpg;448.83;2026-03-23 13:41:21;2026-03-23 13:41:21;C:\Users\HP\Desktop\Kesko vastaus 3.2.2026\Repair_Invoices\2025-09-22_12-16_Kaprio ja RZS-139 Audi Q7 e-Tron.jpg
Kesko vastaus 3.2.2026;2025-09-22_12-16_PÖRHÖ ja testeri-mittaus 5.2.2025.jpg;.jpg;242.23;2026-03-23 13:41:21;2026-03-23 13:41:21;C:\Users\HP\Desktop\Kesko vastaus 3.2.2026\Repair_Invoices\2025-09-22_12-16_PÖRHÖ ja testeri-mittaus 5.2.2025.jpg
Kesko vastaus 3.2.2026;2025-10-06_10-21_AUDI 15.2.2025 ja vikailmoitus.jpg;.jpg;104.43;2026-03-23 13:41:21;2026-03-23 13:41:21;C:\Users\HP\Desktop\Kesko vastaus 3.2.2026\Repair_Invoices\2025-10-06_10-21_AUDI 15.2.2025 ja vikailmoitus.jpg
Kesko vastaus 3.2.2026;2025-10-06_10-21_Kuva 1 korjauskustannus 45 000 1.3.2023 huollosta.png;.png;45.57;2026-03-23 13:41:21;2026-03-23 13:41:21;C:\Users\HP\Desktop\Kesko vastaus 3.2.2026\Repair_Invoices\2025-10-06_10-21_Kuva 1 korjauskustannus 45 000 1.3.2023 huollosta.png
Kesko vastaus 3.2.2026;2025-10-06_10-21_PÖRHÖ ja testeri-mittaus 5.2.2025.jpg;.jpg;242.23;2026-03-23 13:41:21;2026-03-23 13:41:21;C:\Users\HP\Desktop\Kesko vastaus 3.2.2026\Repair_Invoices\2025-10-06_10-21_PÖRHÖ ja testeri-mittaus 5.2.2025.jpg
Kesko vastaus 3.2.2026;2025-10-06_10-21_WRD0000.jpg;.jpg;0.8;2026-03-23 13:41:21;2026-03-23 13:41:21;C:\Users\HP\Desktop\Kesko vastaus 3.2.2026\Repair_Invoices\2025-10-06_10-21_WRD0000.jpg
Kesko vastaus 3.2.2026;2025-10-07_13-34_JSL Autohuolto Oy huoltohistoria RZS- 139.pdf;.pdf;1158.81;2026-03-23 13:42:44;2026-03-23 13:42:44;C:\Users\HP\Desktop\Kesko vastaus 3.2.2026\Repair_Invoices\2025-10-07_13-34_JSL Autohuolto Oy huoltohistoria RZS- 139.pdf
Kesko vastaus 3.2.2026;2025-10-07_14-10_JSL Autohuolto Oy huoltohistoria RZS- 139.pdf;.pdf;1158.81;2026-03-23 13:41:22;2026-03-23 13:41:22;C:\Users\HP\Desktop\Kesko vastaus 3.2.2026\Repair_Invoices\2025-10-07_14-10_JSL Autohuolto Oy huoltohistoria RZS- 139.pdf
Kesko vastaus 3.2.2026;2025-10-07_14-10_Nayttokuva 2025-02-23 kello 17.57.22.png;.png;352.45;2026-03-23 13:41:22;2026-03-23 13:41:22;C:\Users\HP\Desktop\Kesko vastaus 3.2.2026\Repair_Invoices\2025-10-07_14-10_Nayttokuva 2025-02-23 kello 17.57.22.png
Kesko vastaus 3.2.2026;2025-10-07_14-10_Nayttokuva 2025-02-23 kello 17.57.38.png;.png;303.67;2026-03-23 13:41:22;2026-03-23 13:41:22;C:\Users\HP\Desktop\Kesko vastaus 3.2.2026\Repair_Invoices\2025-10-07_14-10_Nayttokuva 2025-02-23 kello 17.57.38.png
Kesko vastaus 3.2.2026;2025-10-07_14-10_Nayttokuva 2025-02-23 kello 17.57.54.png;.png;247.36;2026-03-23 13:41:22;2026-03-23 13:41:22;C:\Users\HP\Desktop\Kesko vastaus 3.2.2026\Repair_Invoices\2025-10-07_14-10_Nayttokuva 2025-02-23 kello 17.57.54.png
Kesko vastaus 3.2.2026;2025-10-07_14-10_Nayttokuva 2025-02-23 kello 17.58.18.png;.png;287.75;2026-03-23 13:41:22;2026-03-23 13:41:22;C:\Users\HP\Desktop\Kesko vastaus 3.2.2026\Repair_Invoices\2025-10-07_14-10_Nayttokuva 2025-02-23 kello 17.58.18.png
Kesko vastaus 3.2.2026;2025-10-07_14-10_Nayttokuva 2025-02-23 kello 23.41.06.png;.png;1383.72;2026-03-23 13:41:22;2026-03-23 13:41:22;C:\Users\HP\Desktop\Kesko vastaus 3.2.2026\Repair_Invoices\2025-10-07_14-10_Nayttokuva 2025-02-23 kello 23.41.06.png
Kesko vastaus 3.2.2026;2025-10-07_14-10_Nayttokuva 2025-02-25 kello 15.15.23.png;.png;535.18;2026-03-23 13:41:22;2026-03-23 13:41:22;C:\Users\HP\Desktop\Kesko vastaus 3.2.2026\Repair_Invoices\2025-10-07_14-10_Nayttokuva 2025-02-25 kello 15.15.23.png
Kesko vastaus 3.2.2026;2025-10-07_14-10_PORHO Tietopyynto 27 Hel.pdf;.pdf;42.13;2026-03-23 13:41:22;2026-03-23 13:41:22;C:\Users\HP\Desktop\Kesko vastaus 3.2.2026\Repair_Invoices\2025-10-07_14-10_PORHO Tietopyynto 27 Hel.pdf
Kesko vastaus 3.2.2026;2025-10-07_14-10_Vastaus Porho Autoliike Oy 27.2.2025.pdf;.pdf;31.22;2026-03-23 13:41:22;2026-03-23 13:41:22;C:\Users\HP\Desktop\Kesko vastaus 3.2.2026\Repair_Invoices\2025-10-07_14-10_Vastaus Porho Autoliike Oy 27.2.2025.pdf
Kesko vastaus 3.2.2026;2025-10-07_15-11_AUDI 15.2.2025 ja vikailmoitus.jpg;.jpg;104.43;2026-03-23 13:41:23;2026-03-23 13:41:23;C:\Users\HP\Desktop\Kesko vastaus 3.2.2026\Repair_Invoices\2025-10-07_15-11_AUDI 15.2.2025 ja vikailmoitus.jpg
Kesko vastaus 3.2.2026;2025-10-07_15-11_Kuva 2 sijaisauto.png;.png;31.19;2026-03-23 13:41:23;2026-03-23 13:41:23;C:\Users\HP\Desktop\Kesko vastaus 3.2.2026\Repair_Invoices\2025-10-07_15-11_Kuva 2 sijaisauto.png
Kesko vastaus 3.2.2026;2025-10-07_15-11_MarkusKaprio_KeskoReklamaatio_4_8_2025.pdf;.pdf;634.15;2026-03-23 13:41:23;2026-03-23 13:41:23;C:\Users\HP\Desktop\Kesko vastaus 3.2.2026\Repair_Invoices\2025-10-07_15-11_MarkusKaprio_KeskoReklamaatio_4_8_2025.pdf
Kesko vastaus 3.2.2026;2025-10-07_15-11_PÖRHÖ ja testeri-mittaus 5.2.2025.jpg;.jpg;242.23;2026-03-23 13:41:23;2026-03-23 13:41:23;C:\Users\HP\Desktop\Kesko vastaus 3.2.2026\Repair_Invoices\2025-10-07_15-11_PÖRHÖ ja testeri-mittaus 5.2.2025.jpg
Kesko vastaus 3.2.2026;2025-10-10_03-50_paatos.pdf;.pdf;7.94;2026-03-23 13:41:23;2026-03-23 13:41:23;C:\Users\HP\Desktop\Kesko vastaus 3.2.2026\Repair_Invoices\2025-10-10_03-50_paatos.pdf
Kesko vastaus 3.2.2026;2025-10-11_13-13_Tietosuojavaltuutetun toimiston vastaus.pdf;.pdf;89.78;2026-03-23 13:44:29;2026-03-23 13:44:29;C:\Users\HP\Desktop\Kesko vastaus 3.2.2026\Repair_Invoices\2025-10-11_13-13_Tietosuojavaltuutetun toimiston vastaus.pdf
Kesko vastaus 3.2.2026;2025-10-12_15-33_02DBA601-C03B-4903-82B6-3A6F058F599E.jpg;.jpg;496.34;2026-03-23 13:41:23;2026-03-23 13:41:23;C:\Users\HP\Desktop\Kesko vastaus 3.2.2026\Repair_Invoices\2025-10-12_15-33_02DBA601-C03B-4903-82B6-3A6F058F599E.jpg
Kesko vastaus 3.2.2026;2025-10-17_10-37_Testeri-raportti.jpg;.jpg;248.58;2026-03-23 13:42:44;2026-03-23 13:42:44;C:\Users\HP\Desktop\Kesko vastaus 3.2.2026\Repair_Invoices\2025-10-17_10-37_Testeri-raportti.jpg
Kesko vastaus 3.2.2026;2025-10-17_11-11_Testeri-raportti.jpg;.jpg;248.58;2026-03-23 13:41:23;2026-03-23 13:41:23;C:\Users\HP\Desktop\Kesko vastaus 3.2.2026\Repair_Invoices\2025-10-17_11-11_Testeri-raportti.jpg
Kesko vastaus 3.2.2026;2025-10-17_11-48_Testeri-raportti.jpg;.jpg;248.58;2026-03-23 13:41:23;2026-03-23 13:41:23;C:\Users\HP\Desktop\Kesko vastaus 3.2.2026\Repair_Invoices\2025-10-17_11-48_Testeri-raportti.jpg
Kesko vastaus 3.2.2026;2025-10-24_10-28_blocked.gif;.gif;0.12;2026-03-23 13:41:24;2026-03-23 13:41:24;C:\Users\HP\Desktop\Kesko vastaus 3.2.2026\Repair_Invoices\2025-10-24_10-28_blocked.gif
Kesko vastaus 3.2.2026;2025-10-24_10-30_blocked.gif;.gif;0.12;2026-03-23 13:41:24;2026-03-23 13:41:24;C:\Users\HP\Desktop\Kesko vastaus 3.2.2026\Repair_Invoices\2025-10-24_10-30_blocked.gif
Kesko vastaus 3.2.2026;2025-10-24_13-28_blocked.gif;.gif;0.12;2026-03-23 13:40:13;2026-03-23 13:40:13;C:\Users\HP\Desktop\Kesko vastaus 3.2.2026\Repair_Invoices\2025-10-24_13-28_blocked.gif
Kesko vastaus 3.2.2026;2025-10-24_17-27_blocked.gif;.gif;0.12;2026-03-23 13:41:24;2026-03-23 13:41:24;C:\Users\HP\Desktop\Kesko vastaus 3.2.2026\Repair_Invoices\2025-10-24_17-27_blocked.gif
Kesko vastaus 3.2.2026;2025-10-26_18-26_Markus ja Trafi-paperi.png;.png;219.01;2026-03-23 13:41:24;2026-03-23 13:41:24;C:\Users\HP\Desktop\Kesko vastaus 3.2.2026\Repair_Invoices\2025-10-26_18-26_Markus ja Trafi-paperi.png
Kesko vastaus 3.2.2026;2025-10-26_18-36_Markus ja Trafi-paperi.png;.png;219.01;2026-03-23 13:42:44;2026-03-23 13:42:44;C:\Users\HP\Desktop\Kesko vastaus 3.2.2026\Repair_Invoices\2025-10-26_18-36_Markus ja Trafi-paperi.png
Kesko vastaus 3.2.2026;2025-10-27_14-38_RZS-139.pdf;.pdf;14.41;2026-03-23 13:41:24;2026-03-23 13:41:24;C:\Users\HP\Desktop\Kesko vastaus 3.2.2026\Repair_Invoices\2025-10-27_14-38_RZS-139.pdf
Kesko vastaus 3.2.2026;2025-11-03_07-20_image.png;.png;225.28;2026-03-23 13:40:13;2026-03-23 13:40:13;C:\Users\HP\Desktop\Kesko vastaus 3.2.2026\Repair_Invoices\2025-11-03_07-20_image.png
Kesko vastaus 3.2.2026;2025-11-03_10-08_image.png;.png;225.28;2026-03-23 13:41:24;2026-03-23 13:41:24;C:\Users\HP\Desktop\Kesko vastaus 3.2.2026\Repair_Invoices\2025-11-03_10-08_image.png
Kesko vastaus 3.2.2026;2025-12-12_18-48_blocked.gif;.gif;0.12;2026-03-23 13:41:56;2026-03-23 13:41:56;C:\Users\HP\Desktop\Kesko vastaus 3.2.2026\Repair_Invoices\2025-12-12_18-48_blocked.gif
Kesko vastaus 3.2.2026;2025-12-15_19-37_blocked.gif;.gif;0.12;2026-03-23 13:41:56;2026-03-23 13:41:56;C:\Users\HP\Desktop\Kesko vastaus 3.2.2026\Repair_Invoices\2025-12-15_19-37_blocked.gif
Kesko vastaus 3.2.2026;2025-12-15_19-38_blocked.gif;.gif;0.12;2026-03-23 13:41:56;2026-03-23 13:41:56;C:\Users\HP\Desktop\Kesko vastaus 3.2.2026\Repair_Invoices\2025-12-15_19-38_blocked.gif
Kesko vastaus 3.2.2026;2025-12-19_17-15_image.png;.png;243.08;2026-03-23 13:39:53;2026-03-23 13:39:53;C:\Users\HP\Desktop\Kesko vastaus 3.2.2026\Repair_Invoices\2025-12-19_17-15_image.png
Kesko vastaus 3.2.2026;2025-12-21_12-37_blocked.gif;.gif;0.12;2026-03-23 13:42:46;2026-03-23 13:42:46;C:\Users\HP\Desktop\Kesko vastaus 3.2.2026\Repair_Invoices\2025-12-21_12-37_blocked.gif
Kesko vastaus 3.2.2026;2025-12-21_12-37_image.png;.png;243.08;2026-03-23 13:42:46;2026-03-23 13:42:46;C:\Users\HP\Desktop\Kesko vastaus 3.2.2026\Repair_Invoices\2025-12-21_12-37_image.png
Kesko vastaus 3.2.2026;2025-12-21_13-26_Audi Q7 e-tron  Markus Kaprio finnland.pdf;.pdf;846.36;2026-03-23 13:41:56;2026-03-23 13:41:56;C:\Users\HP\Desktop\Kesko vastaus 3.2.2026\Repair_Invoices\2025-12-21_13-26_Audi Q7 e-tron  Markus Kaprio finnland.pdf
Kesko vastaus 3.2.2026;2025-12-21_13-26_Kuva 1 korjauskustannus 45 000 1.3.2023 huollosta.png;.png;45.57;2026-03-23 13:41:56;2026-03-23 13:41:56;C:\Users\HP\Desktop\Kesko vastaus 3.2.2026\Repair_Invoices\2025-12-21_13-26_Kuva 1 korjauskustannus 45 000 1.3.2023 huollosta.png
Kesko vastaus 3.2.2026;2025-12-21_13-26_PÖRHÖ ja testeri-mittaus 5.2.2025.jpg;.jpg;242.23;2026-03-23 13:41:56;2026-03-23 13:41:56;C:\Users\HP\Desktop\Kesko vastaus 3.2.2026\Repair_Invoices\2025-12-21_13-26_PÖRHÖ ja testeri-mittaus 5.2.2025.jpg
Kesko vastaus 3.2.2026;2025-12-21_13-27_Audi Q7 e-tron  Markus Kaprio finnland.pdf;.pdf;846.36;2026-03-23 13:41:56;2026-03-23 13:41:56;C:\Users\HP\Desktop\Kesko vastaus 3.2.2026\Repair_Invoices\2025-12-21_13-27_Audi Q7 e-tron  Markus Kaprio finnland.pdf
Kesko vastaus 3.2.2026;2025-12-21_13-27_blocked.gif;.gif;0.12;2026-03-23 13:41:56;2026-03-23 13:41:56;C:\Users\HP\Desktop\Kesko vastaus 3.2.2026\Repair_Invoices\2025-12-21_13-27_blocked.gif
Kesko vastaus 3.2.2026;2025-12-21_13-27_Kuva 1 korjauskustannus 45 000 1.3.2023 huollosta.png;.png;45.57;2026-03-23 13:41:56;2026-03-23 13:41:56;C:\Users\HP\Desktop\Kesko vastaus 3.2.2026\Repair_Invoices\2025-12-21_13-27_Kuva 1 korjauskustannus 45 000 1.3.2023 huollosta.png
Kesko vastaus 3.2.2026;2025-12-21_13-27_PÖRHÖ ja testeri-mittaus 5.2.2025.jpg;.jpg;242.23;2026-03-23 13:41:56;2026-03-23 13:41:56;C:\Users\HP\Desktop\Kesko vastaus 3.2.2026\Repair_Invoices\2025-12-21_13-27_PÖRHÖ ja testeri-mittaus 5.2.2025.jpg
Kesko vastaus 3.2.2026;2025-12-25_13-56_blocked.gif;.gif;0.12;2026-03-23 13:41:57;2026-03-23 13:41:57;C:\Users\HP\Desktop\Kesko vastaus 3.2.2026\Repair_Invoices\2025-12-25_13-56_blocked.gif
Kesko vastaus 3.2.2026;2025-12-25_14-57_Näyttökuva 2025-02-23 kello 17.57.22.png;.png;352.45;2026-03-23 13:41:57;2026-03-23 13:41:57;C:\Users\HP\Desktop\Kesko vastaus 3.2.2026\Repair_Invoices\2025-12-25_14-57_Näyttökuva 2025-02-23 kello 17.57.22.png
Kesko vastaus 3.2.2026;2025-12-25_14-57_Näyttökuva 2025-02-23 kello 17.57.54.png;.png;247.36;2026-03-23 13:41:57;2026-03-23 13:41:57;C:\Users\HP\Desktop\Kesko vastaus 3.2.2026\Repair_Invoices\2025-12-25_14-57_Näyttökuva 2025-02-23 kello 17.57.54.png
Kesko vastaus 3.2.2026;2025-12-25_14-57_Näyttökuva 2025-02-23 kello 23.41.06.png;.png;1383.72;2026-03-23 13:41:57;2026-03-23 13:41:57;C:\Users\HP\Desktop\Kesko vastaus 3.2.2026\Repair_Invoices\2025-12-25_14-57_Näyttökuva 2025-02-23 kello 23.41.06.png
Kesko vastaus 3.2.2026;2025-12-25_14-57_Näyttökuva 2025-02-24 kello 12.02.02.png;.png;266.19;2026-03-23 13:41:57;2026-03-23 13:41:57;C:\Users\HP\Desktop\Kesko vastaus 3.2.2026\Repair_Invoices\2025-12-25_14-57_Näyttökuva 2025-02-24 kello 12.02.02.png
Kesko vastaus 3.2.2026;2025-12-25_14-57_Näyttökuva 2025-02-27 kello 16.15.14.png;.png;422.36;2026-03-23 13:41:57;2026-03-23 13:41:57;C:\Users\HP\Desktop\Kesko vastaus 3.2.2026\Repair_Invoices\2025-12-25_14-57_Näyttökuva 2025-02-27 kello 16.15.14.png
Kesko vastaus 3.2.2026;2025-12-25_14-57_Porho_Tietopyynto_Vastaus.pdf;.pdf;2.99;2026-03-23 13:41:57;2026-03-23 13:41:57;C:\Users\HP\Desktop\Kesko vastaus 3.2.2026\Repair_Invoices\2025-12-25_14-57_Porho_Tietopyynto_Vastaus.pdf
Kesko vastaus 3.2.2026;2025-12-25_14-57_PÖRHÖ AUTOLIIKE OY  TIETOPYYNTÖ.pdf;.pdf;38.61;2026-03-23 13:41:57;2026-03-23 13:41:57;C:\Users\HP\Desktop\Kesko vastaus 3.2.2026\Repair_Invoices\2025-12-25_14-57_PÖRHÖ AUTOLIIKE OY  TIETOPYYNTÖ.pdf
Kesko vastaus 3.2.2026;2025-12-25_14-57_PÖRHÖ AUTOLIIKE OY Vaatimus 27.pdf;.pdf;110.66;2026-03-23 13:41:57;2026-03-23 13:41:57;C:\Users\HP\Desktop\Kesko vastaus 3.2.2026\Repair_Invoices\2025-12-25_14-57_PÖRHÖ AUTOLIIKE OY Vaatimus 27.pdf
Kesko vastaus 3.2.2026;2025-12-25_14-57_PÖRHÖ Tietopyyntö 27 Hel.pdf;.pdf;42.13;2026-03-23 13:41:57;2026-03-23 13:41:57;C:\Users\HP\Desktop\Kesko vastaus 3.2.2026\Repair_Invoices\2025-12-25_14-57_PÖRHÖ Tietopyyntö 27 Hel.pdf
Kesko vastaus 3.2.2026;2025-12-25_14-57_Vastaus Pörhö Autoliike Oy laiminlyöntiin.pdf;.pdf;64.68;2026-03-23 13:41:57;2026-03-23 13:41:57;C:\Users\HP\Desktop\Kesko vastaus 3.2.2026\Repair_Invoices\2025-12-25_14-57_Vastaus Pörhö Autoliike Oy laiminlyöntiin.pdf
Kesko vastaus 3.2.2026;2026-01-05_13-32_blocked.gif;.gif;0.12;2026-03-23 13:42:00;2026-03-23 13:42:00;C:\Users\HP\Desktop\Kesko vastaus 3.2.2026\Repair_Invoices\2026-01-05_13-32_blocked.gif
Kesko vastaus 3.2.2026;2026-01-05_17-43_blocked.gif;.gif;0.12;2026-03-23 13:42:00;2026-03-23 13:42:00;C:\Users\HP\Desktop\Kesko vastaus 3.2.2026\Repair_Invoices\2026-01-05_17-43_blocked.gif
Kesko vastaus 3.2.2026;2026-01-06_19-13_blocked.gif;.gif;0.12;2026-03-23 13:42:00;2026-03-23 13:42:00;C:\Users\HP\Desktop\Kesko vastaus 3.2.2026\Repair_Invoices\2026-01-06_19-13_blocked.gif
Kesko vastaus 3.2.2026;2026-01-08_11-30_blocked.gif;.gif;0.12;2026-03-23 13:39:55;2026-03-23 13:39:55;C:\Users\HP\Desktop\Kesko vastaus 3.2.2026\Repair_Invoices\2026-01-08_11-30_blocked.gif
Kesko vastaus 3.2.2026;2026-01-08_11-52_blocked.gif;.gif;0.12;2026-03-23 13:39:55;2026-03-23 13:39:55;C:\Users\HP\Desktop\Kesko vastaus 3.2.2026\Repair_Invoices\2026-01-08_11-52_blocked.gif
Kesko vastaus 3.2.2026;2026-01-08_13-40_blocked.gif;.gif;0.12;2026-03-23 13:42:00;2026-03-23 13:42:00;C:\Users\HP\Desktop\Kesko vastaus 3.2.2026\Repair_Invoices\2026-01-08_13-40_blocked.gif
Kesko vastaus 3.2.2026;2026-01-09_10-42_Kesko SpeakUp-vastaus Harri Spolander 2.png;.png;192.24;2026-03-23 13:42:00;2026-03-23 13:42:00;C:\Users\HP\Desktop\Kesko vastaus 3.2.2026\Repair_Invoices\2026-01-09_10-42_Kesko SpeakUp-vastaus Harri Spolander 2.png
Kesko vastaus 3.2.2026;2026-01-09_10-42_Porho_Tietopyynto_Vastaus.pdf;.pdf;2.99;2026-03-23 13:42:00;2026-03-23 13:42:00;C:\Users\HP\Desktop\Kesko vastaus 3.2.2026\Repair_Invoices\2026-01-09_10-42_Porho_Tietopyynto_Vastaus.pdf
Kesko vastaus 3.2.2026;2026-01-09_10-42_PÖRHÖ AUTOLIIKE OY  TIETOPYYNTÖ.pdf;.pdf;38.61;2026-03-23 13:42:00;2026-03-23 13:42:00;C:\Users\HP\Desktop\Kesko vastaus 3.2.2026\Repair_Invoices\2026-01-09_10-42_PÖRHÖ AUTOLIIKE OY  TIETOPYYNTÖ.pdf
Kesko vastaus 3.2.2026;2026-01-09_12-18_blocked.gif;.gif;0.12;2026-03-23 13:42:00;2026-03-23 13:42:00;C:\Users\HP\Desktop\Kesko vastaus 3.2.2026\Repair_Invoices\2026-01-09_12-18_blocked.gif
Kesko vastaus 3.2.2026;2026-01-13_17-23_blocked.gif;.gif;0.12;2026-03-23 13:39:55;2026-03-23 13:39:55;C:\Users\HP\Desktop\Kesko vastaus 3.2.2026\Repair_Invoices\2026-01-13_17-23_blocked.gif
Kesko vastaus 3.2.2026;2026-01-13_21-18_blocked.gif;.gif;0.12;2026-03-23 13:42:04;2026-03-23 13:42:04;C:\Users\HP\Desktop\Kesko vastaus 3.2.2026\Repair_Invoices\2026-01-13_21-18_blocked.gif
Kesko vastaus 3.2.2026;2026-01-20_12-56_image001.png;.png;4.65;2026-03-23 13:39:56;2026-03-23 13:39:56;C:\Users\HP\Desktop\Kesko vastaus 3.2.2026\Repair_Invoices\2026-01-20_12-56_image001.png
Kesko vastaus 3.2.2026;2026-01-20_15-24_image001.png;.png;4.65;2026-03-23 13:42:46;2026-03-23 13:42:46;C:\Users\HP\Desktop\Kesko vastaus 3.2.2026\Repair_Invoices\2026-01-20_15-24_image001.png
Kesko vastaus 3.2.2026;2026-01-20_15-39_image001.png;.png;4.65;2026-03-23 13:42:06;2026-03-23 13:42:06;C:\Users\HP\Desktop\Kesko vastaus 3.2.2026\Repair_Invoices\2026-01-20_15-39_image001.png
Kesko vastaus 3.2.2026;2026-01-26_11-21_image001.png;.png;4.44;2026-03-23 13:39:57;2026-03-23 13:39:57;C:\Users\HP\Desktop\Kesko vastaus 3.2.2026\Repair_Invoices\2026-01-26_11-21_image001.png
Kesko vastaus 3.2.2026;2026-01-26_14-32_image001.png;.png;4.44;2026-03-23 13:42:46;2026-03-23 13:42:46;C:\Users\HP\Desktop\Kesko vastaus 3.2.2026\Repair_Invoices\2026-01-26_14-32_image001.png
Kesko vastaus 3.2.2026;2026-01-26_15-37_blocked.gif;.gif;0.12;2026-03-23 13:42:06;2026-03-23 13:42:06;C:\Users\HP\Desktop\Kesko vastaus 3.2.2026\Repair_Invoices\2026-01-26_15-37_blocked.gif
Kesko vastaus 3.2.2026;2026-01-26_15-54_blocked.gif;.gif;0.12;2026-03-23 13:42:06;2026-03-23 13:42:06;C:\Users\HP\Desktop\Kesko vastaus 3.2.2026\Repair_Invoices\2026-01-26_15-54_blocked.gif
Kesko vastaus 3.2.2026;2026-01-26_18-51_image001.png;.png;4.44;2026-03-23 13:42:06;2026-03-23 13:42:06;C:\Users\HP\Desktop\Kesko vastaus 3.2.2026\Repair_Invoices\2026-01-26_18-51_image001.png
Kesko vastaus 3.2.2026;2026-02-02_07-16_image001.gif;.gif;0.12;2026-03-23 13:40:15;2026-03-23 13:40:15;C:\Users\HP\Desktop\Kesko vastaus 3.2.2026\Repair_Invoices\2026-02-02_07-16_image001.gif
Kesko vastaus 3.2.2026;2026-02-02_07-16_image002.png;.png;26.52;2026-03-23 13:40:15;2026-03-23 13:40:15;C:\Users\HP\Desktop\Kesko vastaus 3.2.2026\Repair_Invoices\2026-02-02_07-16_image002.png
Kesko vastaus 3.2.2026;2026-02-02_10-33_blocked.gif;.gif;0.12;2026-03-23 13:42:07;2026-03-23 13:42:07;C:\Users\HP\Desktop\Kesko vastaus 3.2.2026\Repair_Invoices\2026-02-02_10-33_blocked.gif
Kesko vastaus 3.2.2026;2026-02-02_10-33_image001.gif;.gif;0.12;2026-03-23 13:42:07;2026-03-23 13:42:07;C:\Users\HP\Desktop\Kesko vastaus 3.2.2026\Repair_Invoices\2026-02-02_10-33_image001.gif
Kesko vastaus 3.2.2026;2026-02-02_10-33_image002.png;.png;26.52;2026-03-23 13:42:07;2026-03-23 13:42:07;C:\Users\HP\Desktop\Kesko vastaus 3.2.2026\Repair_Invoices\2026-02-02_10-33_image002.png
Kesko vastaus 3.2.2026;2026-02-02_10-34_blocked.gif;.gif;0.12;2026-03-23 13:42:07;2026-03-23 13:42:07;C:\Users\HP\Desktop\Kesko vastaus 3.2.2026\Repair_Invoices\2026-02-02_10-34_blocked.gif
Kesko vastaus 3.2.2026;2026-02-02_10-34_image001.gif;.gif;0.12;2026-03-23 13:42:07;2026-03-23 13:42:07;C:\Users\HP\Desktop\Kesko vastaus 3.2.2026\Repair_Invoices\2026-02-02_10-34_image001.gif
Kesko vastaus 3.2.2026;2026-02-02_10-34_image002.png;.png;26.52;2026-03-23 13:42:07;2026-03-23 13:42:07;C:\Users\HP\Desktop\Kesko vastaus 3.2.2026\Repair_Invoices\2026-02-02_10-34_image002.png
Kesko vastaus 3.2.2026;2026-02-02_14-13_AUDI RZS-139 TRAFI-tiedot.pdf;.pdf;776.24;2026-03-23 13:42:46;2026-03-23 13:42:46;C:\Users\HP\Desktop\Kesko vastaus 3.2.2026\Repair_Invoices\2026-02-02_14-13_AUDI RZS-139 TRAFI-tiedot.pdf
Kesko vastaus 3.2.2026;2026-02-02_16-08_image001.png;.png;28.15;2026-03-23 13:39:58;2026-03-23 13:39:58;C:\Users\HP\Desktop\Kesko vastaus 3.2.2026\Repair_Invoices\2026-02-02_16-08_image001.png
Kesko vastaus 3.2.2026;2026-02-02_16-08_image002.png;.png;26.52;2026-03-23 13:39:58;2026-03-23 13:39:58;C:\Users\HP\Desktop\Kesko vastaus 3.2.2026\Repair_Invoices\2026-02-02_16-08_image002.png
Kesko vastaus 3.2.2026;2026-02-02_16-08_image003.gif;.gif;0.12;2026-03-23 13:39:58;2026-03-23 13:39:58;C:\Users\HP\Desktop\Kesko vastaus 3.2.2026\Repair_Invoices\2026-02-02_16-08_image003.gif
Kesko vastaus 3.2.2026;2026-02-02_18-59_blocked.gif;.gif;0.12;2026-03-23 13:42:07;2026-03-23 13:42:07;C:\Users\HP\Desktop\Kesko vastaus 3.2.2026\Repair_Invoices\2026-02-02_18-59_blocked.gif
Kesko vastaus 3.2.2026;2026-02-02_18-59_image001.png;.png;28.15;2026-03-23 13:42:07;2026-03-23 13:42:07;C:\Users\HP\Desktop\Kesko vastaus 3.2.2026\Repair_Invoices\2026-02-02_18-59_image001.png
Kesko vastaus 3.2.2026;2026-02-02_18-59_image002.png;.png;26.52;2026-03-23 13:42:07;2026-03-23 13:42:07;C:\Users\HP\Desktop\Kesko vastaus 3.2.2026\Repair_Invoices\2026-02-02_18-59_image002.png
Kesko vastaus 3.2.2026;2026-02-02_18-59_image003.gif;.gif;0.12;2026-03-23 13:42:07;2026-03-23 13:42:07;C:\Users\HP\Desktop\Kesko vastaus 3.2.2026\Repair_Invoices\2026-02-02_18-59_image003.gif
Kesko vastaus 3.2.2026;2026-02-02_19-00_blocked.gif;.gif;0.12;2026-03-23 13:42:07;2026-03-23 13:42:07;C:\Users\HP\Desktop\Kesko vastaus 3.2.2026\Repair_Invoices\2026-02-02_19-00_blocked.gif
Kesko vastaus 3.2.2026;2026-02-02_19-00_image001.png;.png;28.15;2026-03-23 13:42:07;2026-03-23 13:42:07;C:\Users\HP\Desktop\Kesko vastaus 3.2.2026\Repair_Invoices\2026-02-02_19-00_image001.png
Kesko vastaus 3.2.2026;2026-02-02_19-00_image002.png;.png;26.52;2026-03-23 13:42:07;2026-03-23 13:42:07;C:\Users\HP\Desktop\Kesko vastaus 3.2.2026\Repair_Invoices\2026-02-02_19-00_image002.png
Kesko vastaus 3.2.2026;2026-02-02_19-00_image003.gif;.gif;0.12;2026-03-23 13:42:07;2026-03-23 13:42:07;C:\Users\HP\Desktop\Kesko vastaus 3.2.2026\Repair_Invoices\2026-02-02_19-00_image003.gif
Kesko vastaus 3.2.2026;2026-02-03_10-32_logo.png;.png;0.59;2026-03-23 13:39:58;2026-03-23 13:39:58;C:\Users\HP\Desktop\Kesko vastaus 3.2.2026\Repair_Invoices\2026-02-03_10-32_logo.png
Kesko vastaus 3.2.2026;2026-02-03_13-14_blocked.gif;.gif;0.12;2026-03-23 13:42:07;2026-03-23 13:42:07;C:\Users\HP\Desktop\Kesko vastaus 3.2.2026\Repair_Invoices\2026-02-03_13-14_blocked.gif
Kesko vastaus 3.2.2026;2026-02-03_13-14_image001.png;.png;28.15;2026-03-23 13:42:07;2026-03-23 13:42:07;C:\Users\HP\Desktop\Kesko vastaus 3.2.2026\Repair_Invoices\2026-02-03_13-14_image001.png
Kesko vastaus 3.2.2026;2026-02-03_13-14_image002.png;.png;26.52;2026-03-23 13:42:07;2026-03-23 13:42:07;C:\Users\HP\Desktop\Kesko vastaus 3.2.2026\Repair_Invoices\2026-02-03_13-14_image002.png
Kesko vastaus 3.2.2026;2026-02-03_13-14_image003.gif;.gif;0.12;2026-03-23 13:42:07;2026-03-23 13:42:07;C:\Users\HP\Desktop\Kesko vastaus 3.2.2026\Repair_Invoices\2026-02-03_13-14_image003.gif
Kesko vastaus 3.2.2026;2026-02-04_00-12_Katja  K-Auto sekä luovutusjälki.png;.png;81.56;2026-03-23 13:40:16;2026-03-23 13:40:16;C:\Users\HP\Desktop\Kesko vastaus 3.2.2026\Repair_Invoices\2026-02-04_00-12_Katja  K-Auto sekä luovutusjälki.png
Kesko vastaus 3.2.2026;2026-02-04_18-09_Audi AG.pdf;.pdf;1007.06;2026-03-23 13:40:16;2026-03-23 13:40:16;C:\Users\HP\Desktop\Kesko vastaus 3.2.2026\Repair_Invoices\2026-02-04_18-09_Audi AG.pdf
Kesko vastaus 3.2.2026;2026-02-04_18-09_Audi Q7 e-tron  Markus Kaprio finnland.pdf;.pdf;846.36;2026-03-23 13:40:16;2026-03-23 13:40:16;C:\Users\HP\Desktop\Kesko vastaus 3.2.2026\Repair_Invoices\2026-02-04_18-09_Audi Q7 e-tron  Markus Kaprio finnland.pdf
Kesko vastaus 3.2.2026;2026-02-05_12-49_AUDI RZS-139 TRAFI-tiedot.pdf;.pdf;776.24;2026-03-23 13:40:16;2026-03-23 13:40:16;C:\Users\HP\Desktop\Kesko vastaus 3.2.2026\Repair_Invoices\2026-02-05_12-49_AUDI RZS-139 TRAFI-tiedot.pdf
Kesko vastaus 3.2.2026;2026-02-05_13-01_AUDI RZS-139 TRAFI-tiedot.pdf;.pdf;776.24;2026-03-23 13:42:08;2026-03-23 13:42:08;C:\Users\HP\Desktop\Kesko vastaus 3.2.2026\Repair_Invoices\2026-02-05_13-01_AUDI RZS-139 TRAFI-tiedot.pdf
Kesko vastaus 3.2.2026;2026-02-06_10-40_AUDI 15.2.2025 ja vikailmoitus.jpg;.jpg;104.43;2026-03-23 13:40:16;2026-03-23 13:40:16;C:\Users\HP\Desktop\Kesko vastaus 3.2.2026\Repair_Invoices\2026-02-06_10-40_AUDI 15.2.2025 ja vikailmoitus.jpg
Kesko vastaus 3.2.2026;2026-02-06_10-40_AUDI RZS-139 TRAFI-tiedot.pdf;.pdf;776.24;2026-03-23 13:40:16;2026-03-23 13:40:16;C:\Users\HP\Desktop\Kesko vastaus 3.2.2026\Repair_Invoices\2026-02-06_10-40_AUDI RZS-139 TRAFI-tiedot.pdf
Kesko vastaus 3.2.2026;2026-02-06_11-40_image001.png;.png;28.15;2026-03-23 13:42:56;2026-03-23 13:42:56;C:\Users\HP\Desktop\Kesko vastaus 3.2.2026\Repair_Invoices\2026-02-06_11-40_image001.png
Kesko vastaus 3.2.2026;2026-02-06_11-40_image002.png;.png;26.52;2026-03-23 13:42:56;2026-03-23 13:42:56;C:\Users\HP\Desktop\Kesko vastaus 3.2.2026\Repair_Invoices\2026-02-06_11-40_image002.png
Kesko vastaus 3.2.2026;2026-02-06_11-40_image003.gif;.gif;0.12;2026-03-23 13:42:56;2026-03-23 13:42:56;C:\Users\HP\Desktop\Kesko vastaus 3.2.2026\Repair_Invoices\2026-02-06_11-40_image003.gif
Kesko vastaus 3.2.2026;2026-02-07_12-15_Johann ALi  Vastaus 3.jpeg;.jpeg;90.49;2026-03-23 13:39:58;2026-03-23 13:44:29;C:\Users\HP\Desktop\Kesko vastaus 3.2.2026\Repair_Invoices\2026-02-07_12-15_Johann ALi  Vastaus 3.jpeg
Kesko vastaus 3.2.2026;2026-02-07_12-15_Johanna Ali  vastaus 2.jpeg;.jpeg;102.91;2026-03-23 13:39:58;2026-03-23 13:44:29;C:\Users\HP\Desktop\Kesko vastaus 3.2.2026\Repair_Invoices\2026-02-07_12-15_Johanna Ali  vastaus 2.jpeg
Kesko vastaus 3.2.2026;2026-02-07_12-15_Johanna Ali  vastaus 20.1.2025.jpeg;.jpeg;78.5;2026-03-23 13:39:58;2026-03-23 13:44:29;C:\Users\HP\Desktop\Kesko vastaus 3.2.2026\Repair_Invoices\2026-02-07_12-15_Johanna Ali  vastaus 20.1.2025.jpeg
Kesko vastaus 3.2.2026;2026-02-07_12-15_PÖRHÖ ja testeri-mittaus 5.2.2025.jpg;.jpg;242.23;2026-03-23 13:39:58;2026-03-23 13:44:29;C:\Users\HP\Desktop\Kesko vastaus 3.2.2026\Repair_Invoices\2026-02-07_12-15_PÖRHÖ ja testeri-mittaus 5.2.2025.jpg
Kesko vastaus 3.2.2026;2026-02-07_14-00_AUDI 15.2.2025 ja vikailmoitus.jpg;.jpg;104.43;2026-03-23 13:40:15;2026-03-23 13:40:15;C:\Users\HP\Desktop\Kesko vastaus 3.2.2026\Repair_Invoices\2026-02-07_14-00_AUDI 15.2.2025 ja vikailmoitus.jpg
Kesko vastaus 3.2.2026;2026-02-07_14-00_Johann ALi  Vastaus 3.jpeg;.jpeg;90.49;2026-03-23 13:40:15;2026-03-23 13:40:15;C:\Users\HP\Desktop\Kesko vastaus 3.2.2026\Repair_Invoices\2026-02-07_14-00_Johann ALi  Vastaus 3.jpeg
Kesko vastaus 3.2.2026;2026-02-07_14-00_Johanna Ali  vastaus 2.jpeg;.jpeg;102.91;2026-03-23 13:40:15;2026-03-23 13:40:15;C:\Users\HP\Desktop\Kesko vastaus 3.2.2026\Repair_Invoices\2026-02-07_14-00_Johanna Ali  vastaus 2.jpeg
Kesko vastaus 3.2.2026;2026-02-07_14-00_Johanna Ali  vastaus 20.1.2025.jpeg;.jpeg;78.5;2026-03-23 13:40:15;2026-03-23 13:40:15;C:\Users\HP\Desktop\Kesko vastaus 3.2.2026\Repair_Invoices\2026-02-07_14-00_Johanna Ali  vastaus 20.1.2025.jpeg
Kesko vastaus 3.2.2026;2026-02-07_14-00_PÖRHÖ ja testeri-mittaus 5.2.2025.jpg;.jpg;242.23;2026-03-23 13:40:15;2026-03-23 13:40:15;C:\Users\HP\Desktop\Kesko vastaus 3.2.2026\Repair_Invoices\2026-02-07_14-00_PÖRHÖ ja testeri-mittaus 5.2.2025.jpg
Kesko vastaus 3.2.2026;2026-02-09_14-16_Demi vastaus.png;.png;75.79;2026-03-23 13:40:16;2026-03-23 13:40:16;C:\Users\HP\Desktop\Kesko vastaus 3.2.2026\Repair_Invoices\2026-02-09_14-16_Demi vastaus.png
Kesko vastaus 3.2.2026;2026-02-09_14-16_Katja.png;.png;106.06;2026-03-23 13:40:16;2026-03-23 13:40:16;C:\Users\HP\Desktop\Kesko vastaus 3.2.2026\Repair_Invoices\2026-02-09_14-16_Katja.png
Kesko vastaus 3.2.2026;2026-02-09_23-20_blocked.gif;.gif;0.12;2026-03-23 13:42:08;2026-03-23 13:42:08;C:\Users\HP\Desktop\Kesko vastaus 3.2.2026\Repair_Invoices\2026-02-09_23-20_blocked.gif
Kesko vastaus 3.2.2026;2026-02-09_23-20_Demi vastaus.png;.png;75.79;2026-03-23 13:42:08;2026-03-23 13:42:08;C:\Users\HP\Desktop\Kesko vastaus 3.2.2026\Repair_Invoices\2026-02-09_23-20_Demi vastaus.png
Kesko vastaus 3.2.2026;2026-02-09_23-20_Katja.png;.png;106.06;2026-03-23 13:42:08;2026-03-23 13:42:08;C:\Users\HP\Desktop\Kesko vastaus 3.2.2026\Repair_Invoices\2026-02-09_23-20_Katja.png
Kesko vastaus 3.2.2026;2026-02-09_23-21_AUDI RZS-139 TRAFI-tiedot.pdf;.pdf;776.24;2026-03-23 13:42:08;2026-03-23 13:42:08;C:\Users\HP\Desktop\Kesko vastaus 3.2.2026\Repair_Invoices\2026-02-09_23-21_AUDI RZS-139 TRAFI-tiedot.pdf
Kesko vastaus 3.2.2026;2026-02-09_23-21_blocked.gif;.gif;0.12;2026-03-23 13:42:08;2026-03-23 13:42:08;C:\Users\HP\Desktop\Kesko vastaus 3.2.2026\Repair_Invoices\2026-02-09_23-21_blocked.gif
Kesko vastaus 3.2.2026;2026-02-09_23-23_blocked.gif;.gif;0.12;2026-03-23 13:42:08;2026-03-23 13:42:08;C:\Users\HP\Desktop\Kesko vastaus 3.2.2026\Repair_Invoices\2026-02-09_23-23_blocked.gif
Kesko vastaus 3.2.2026;2026-02-09_23-23_image001.png;.png;4.44;2026-03-23 13:42:08;2026-03-23 13:42:08;C:\Users\HP\Desktop\Kesko vastaus 3.2.2026\Repair_Invoices\2026-02-09_23-23_image001.png
Kesko vastaus 3.2.2026;2026-02-10_12-16_blocked.gif;.gif;0.12;2026-03-23 13:42:08;2026-03-23 13:42:08;C:\Users\HP\Desktop\Kesko vastaus 3.2.2026\Repair_Invoices\2026-02-10_12-16_blocked.gif
Kesko vastaus 3.2.2026;2026-02-10_12-16_Markus ja RZS-139 korjausajan pyyntö..pdf;.pdf;50.42;2026-03-23 13:42:08;2026-03-23 13:42:08;C:\Users\HP\Desktop\Kesko vastaus 3.2.2026\Repair_Invoices\2026-02-10_12-16_Markus ja RZS-139 korjausajan pyyntö..pdf
Kesko vastaus 3.2.2026;2026-02-10_12-28_blocked.gif;.gif;0.12;2026-03-23 13:42:08;2026-03-23 13:42:08;C:\Users\HP\Desktop\Kesko vastaus 3.2.2026\Repair_Invoices\2026-02-10_12-28_blocked.gif
Kesko vastaus 3.2.2026;2026-02-10_12-28_Markus ja RZS-139 korjausajan pyyntö..pdf;.pdf;50.42;2026-03-23 13:42:08;2026-03-23 13:42:08;C:\Users\HP\Desktop\Kesko vastaus 3.2.2026\Repair_Invoices\2026-02-10_12-28_Markus ja RZS-139 korjausajan pyyntö..pdf
Kesko vastaus 3.2.2026;2026-02-10_17-32_blocked.gif;.gif;0.12;2026-03-23 13:42:08;2026-03-23 13:42:08;C:\Users\HP\Desktop\Kesko vastaus 3.2.2026\Repair_Invoices\2026-02-10_17-32_blocked.gif
Kesko vastaus 3.2.2026;2026-02-12_06-42_AUDI RZS-139 TRAFI-tiedot.pdf;.pdf;776.24;2026-03-23 13:39:59;2026-03-23 13:39:59;C:\Users\HP\Desktop\Kesko vastaus 3.2.2026\Repair_Invoices\2026-02-12_06-42_AUDI RZS-139 TRAFI-tiedot.pdf
Kesko vastaus 3.2.2026;2026-02-12_10-33_blocked.gif;.gif;0.12;2026-03-23 13:42:08;2026-03-23 13:42:08;C:\Users\HP\Desktop\Kesko vastaus 3.2.2026\Repair_Invoices\2026-02-12_10-33_blocked.gif
Kesko vastaus 3.2.2026;2026-02-13_16-37_image001.png;.png;26.52;2026-03-23 13:39:59;2026-03-23 13:39:59;C:\Users\HP\Desktop\Kesko vastaus 3.2.2026\Repair_Invoices\2026-02-13_16-37_image001.png
Kesko vastaus 3.2.2026;2026-02-16_13-34_blocked.gif;.gif;0.12;2026-03-23 13:42:08;2026-03-23 13:42:08;C:\Users\HP\Desktop\Kesko vastaus 3.2.2026\Repair_Invoices\2026-02-16_13-34_blocked.gif
Kesko vastaus 3.2.2026;2026-02-16_13-56_blocked.gif;.gif;0.12;2026-03-23 13:42:08;2026-03-23 13:42:08;C:\Users\HP\Desktop\Kesko vastaus 3.2.2026\Repair_Invoices\2026-02-16_13-56_blocked.gif
Kesko vastaus 3.2.2026;2026-02-16_13-56_Demi vastaus.png;.png;75.79;2026-03-23 13:42:08;2026-03-23 13:42:08;C:\Users\HP\Desktop\Kesko vastaus 3.2.2026\Repair_Invoices\2026-02-16_13-56_Demi vastaus.png
Kesko vastaus 3.2.2026;2026-02-16_13-56_Katja.png;.png;106.06;2026-03-23 13:42:08;2026-03-23 13:42:08;C:\Users\HP\Desktop\Kesko vastaus 3.2.2026\Repair_Invoices\2026-02-16_13-56_Katja.png
Kesko vastaus 3.2.2026;2026-02-18_13-55_blocked.gif;.gif;0.12;2026-03-23 13:40:01;2026-03-23 13:40:01;C:\Users\HP\Desktop\Kesko vastaus 3.2.2026\Repair_Invoices\2026-02-18_13-55_blocked.gif
Kesko vastaus 3.2.2026;2026-02-18_13-55_Demi vastaus.png;.png;75.79;2026-03-23 13:40:01;2026-03-23 13:40:01;C:\Users\HP\Desktop\Kesko vastaus 3.2.2026\Repair_Invoices\2026-02-18_13-55_Demi vastaus.png
Kesko vastaus 3.2.2026;2026-02-18_13-55_image001.png;.png;26.52;2026-03-23 13:40:01;2026-03-23 13:40:01;C:\Users\HP\Desktop\Kesko vastaus 3.2.2026\Repair_Invoices\2026-02-18_13-55_image001.png
Kesko vastaus 3.2.2026;2026-02-18_13-55_Katja.png;.png;106.06;2026-03-23 13:40:01;2026-03-23 13:40:01;C:\Users\HP\Desktop\Kesko vastaus 3.2.2026\Repair_Invoices\2026-02-18_13-55_Katja.png
Kesko vastaus 3.2.2026;2026-02-18_16-45_blocked.gif;.gif;0.12;2026-03-23 13:40:13;2026-03-23 13:40:16;C:\Users\HP\Desktop\Kesko vastaus 3.2.2026\Repair_Invoices\2026-02-18_16-45_blocked.gif
Kesko vastaus 3.2.2026;2026-02-18_16-45_image001.png;.png;26.52;2026-03-23 13:40:13;2026-03-23 13:40:16;C:\Users\HP\Desktop\Kesko vastaus 3.2.2026\Repair_Invoices\2026-02-18_16-45_image001.png
Kesko vastaus 3.2.2026;2026-02-25_14-44_AUDI RZS-139 TRAFI-tiedot.pdf;.pdf;776.24;2026-03-23 13:40:16;2026-03-23 13:40:16;C:\Users\HP\Desktop\Kesko vastaus 3.2.2026\Repair_Invoices\2026-02-25_14-44_AUDI RZS-139 TRAFI-tiedot.pdf
Kesko vastaus 3.2.2026;2026-02-27_07-03_image001.png;.png;26.52;2026-03-23 13:40:17;2026-03-23 13:40:17;C:\Users\HP\Desktop\Kesko vastaus 3.2.2026\Repair_Invoices\2026-02-27_07-03_image001.png
Kesko vastaus 3.2.2026;2026-02-27_07-03_image002.gif;.gif;0.12;2026-03-23 13:40:17;2026-03-23 13:40:17;C:\Users\HP\Desktop\Kesko vastaus 3.2.2026\Repair_Invoices\2026-02-27_07-03_image002.gif
Kesko vastaus 3.2.2026;2026-02-27_07-03_WRD0000.jpg;.jpg;0.8;2026-03-23 13:40:17;2026-03-23 13:40:17;C:\Users\HP\Desktop\Kesko vastaus 3.2.2026\Repair_Invoices\2026-02-27_07-03_WRD0000.jpg
Kesko vastaus 3.2.2026;2026-02-27_08-02_AUDI RZS-139 TRAFI-tiedot.pdf;.pdf;776.24;2026-03-23 13:40:16;2026-03-23 13:40:17;C:\Users\HP\Desktop\Kesko vastaus 3.2.2026\Repair_Invoices\2026-02-27_08-02_AUDI RZS-139 TRAFI-tiedot.pdf
Kesko vastaus 3.2.2026;2026-02-27_08-02_blocked.gif;.gif;0.12;2026-03-23 13:40:16;2026-03-23 13:40:16;C:\Users\HP\Desktop\Kesko vastaus 3.2.2026\Repair_Invoices\2026-02-27_08-02_blocked.gif
Kesko vastaus 3.2.2026;2026-02-27_09-36_image001.png;.png;26.52;2026-03-23 13:42:08;2026-03-23 13:42:08;C:\Users\HP\Desktop\Kesko vastaus 3.2.2026\Repair_Invoices\2026-02-27_09-36_image001.png
Kesko vastaus 3.2.2026;2026-02-27_09-36_image002.gif;.gif;0.12;2026-03-23 13:42:08;2026-03-23 13:42:08;C:\Users\HP\Desktop\Kesko vastaus 3.2.2026\Repair_Invoices\2026-02-27_09-36_image002.gif
Kesko vastaus 3.2.2026;2026-02-27_09-36_WRD0000.jpg;.jpg;0.8;2026-03-23 13:42:08;2026-03-23 13:42:08;C:\Users\HP\Desktop\Kesko vastaus 3.2.2026\Repair_Invoices\2026-02-27_09-36_WRD0000.jpg
Kesko vastaus 3.2.2026;2026-03-04_14-45_image001.png;.png;26.52;2026-03-23 13:40:02;2026-03-23 13:40:02;C:\Users\HP\Desktop\Kesko vastaus 3.2.2026\Repair_Invoices\2026-03-04_14-45_image001.png
Kesko vastaus 3.2.2026;2026-03-04_14-45_image002.gif;.gif;0.12;2026-03-23 13:40:02;2026-03-23 13:40:02;C:\Users\HP\Desktop\Kesko vastaus 3.2.2026\Repair_Invoices\2026-03-04_14-45_image002.gif
Kesko vastaus 3.2.2026;2026-03-04_14-45_image003.jpg;.jpg;0.8;2026-03-23 13:40:02;2026-03-23 13:40:02;C:\Users\HP\Desktop\Kesko vastaus 3.2.2026\Repair_Invoices\2026-03-04_14-45_image003.jpg
Kesko vastaus 3.2.2026;2026-03-04_17-00_logo.png;.png;0.59;2026-03-23 13:40:02;2026-03-23 13:40:02;C:\Users\HP\Desktop\Kesko vastaus 3.2.2026\Repair_Invoices\2026-03-04_17-00_logo.png
Kesko vastaus 3.2.2026;2026-03-05_13-35_image001.png;.png;26.52;2026-03-23 13:40:02;2026-03-23 13:40:02;C:\Users\HP\Desktop\Kesko vastaus 3.2.2026\Repair_Invoices\2026-03-05_13-35_image001.png
Kesko vastaus 3.2.2026;2026-03-05_13-35_image002.gif;.gif;0.12;2026-03-23 13:40:02;2026-03-23 13:40:02;C:\Users\HP\Desktop\Kesko vastaus 3.2.2026\Repair_Invoices\2026-03-05_13-35_image002.gif
Kesko vastaus 3.2.2026;2026-03-05_13-35_image003.jpg;.jpg;0.8;2026-03-23 13:40:02;2026-03-23 13:40:02;C:\Users\HP\Desktop\Kesko vastaus 3.2.2026\Repair_Invoices\2026-03-05_13-35_image003.jpg
Kesko vastaus 3.2.2026;2026-03-05_15-25_image001.png;.png;26.52;2026-03-23 13:40:17;2026-03-23 13:40:17;C:\Users\HP\Desktop\Kesko vastaus 3.2.2026\Repair_Invoices\2026-03-05_15-25_image001.png
Kesko vastaus 3.2.2026;2026-03-05_15-25_image002.gif;.gif;0.12;2026-03-23 13:40:17;2026-03-23 13:40:17;C:\Users\HP\Desktop\Kesko vastaus 3.2.2026\Repair_Invoices\2026-03-05_15-25_image002.gif
Kesko vastaus 3.2.2026;2026-03-05_15-25_WRD0000.jpg;.jpg;0.8;2026-03-23 13:40:17;2026-03-23 13:40:17;C:\Users\HP\Desktop\Kesko vastaus 3.2.2026\Repair_Invoices\2026-03-05_15-25_WRD0000.jpg
Kesko vastaus 3.2.2026;2026-03-05_16-12_image001.png;.png;26.52;2026-03-23 13:42:08;2026-03-23 13:42:08;C:\Users\HP\Desktop\Kesko vastaus 3.2.2026\Repair_Invoices\2026-03-05_16-12_image001.png
Kesko vastaus 3.2.2026;2026-03-05_16-12_image002.gif;.gif;0.12;2026-03-23 13:42:08;2026-03-23 13:42:08;C:\Users\HP\Desktop\Kesko vastaus 3.2.2026\Repair_Invoices\2026-03-05_16-12_image002.gif
Kesko vastaus 3.2.2026;2026-03-05_16-12_image003.jpg;.jpg;0.8;2026-03-23 13:42:08;2026-03-23 13:42:08;C:\Users\HP\Desktop\Kesko vastaus 3.2.2026\Repair_Invoices\2026-03-05_16-12_image003.jpg
Kesko vastaus 3.2.2026;2026-03-05_16-42_image001.png;.png;26.52;2026-03-23 13:42:08;2026-03-23 13:42:08;C:\Users\HP\Desktop\Kesko vastaus 3.2.2026\Repair_Invoices\2026-03-05_16-42_image001.png
Kesko vastaus 3.2.2026;2026-03-05_16-42_image002.gif;.gif;0.12;2026-03-23 13:42:08;2026-03-23 13:42:08;C:\Users\HP\Desktop\Kesko vastaus 3.2.2026\Repair_Invoices\2026-03-05_16-42_image002.gif
Kesko vastaus 3.2.2026;2026-03-05_16-42_image003.jpg;.jpg;0.8;2026-03-23 13:42:08;2026-03-23 13:42:08;C:\Users\HP\Desktop\Kesko vastaus 3.2.2026\Repair_Invoices\2026-03-05_16-42_image003.jpg
Kesko vastaus 3.2.2026;2026-03-06_09-26_korjaukseen_liittyvä_viestintä.pdf;.pdf;190.72;2026-03-23 13:42:09;2026-03-23 13:42:09;C:\Users\HP\Desktop\Kesko vastaus 3.2.2026\Repair_Invoices\2026-03-06_09-26_korjaukseen_liittyvä_viestintä.pdf
Kesko vastaus 3.2.2026;2026-03-06_09-26_kysymys takuun laajuudesta.pdf;.pdf;51.03;2026-03-23 13:42:09;2026-03-23 13:42:09;C:\Users\HP\Desktop\Kesko vastaus 3.2.2026\Repair_Invoices\2026-03-06_09-26_kysymys takuun laajuudesta.pdf
Kesko vastaus 3.2.2026;2026-03-06_09-26_Markus Kaprio Koko CRM historia pdf.pdf;.pdf;6253.05;2026-03-23 13:42:09;2026-03-23 13:42:10;C:\Users\HP\Desktop\Kesko vastaus 3.2.2026\Repair_Invoices\2026-03-06_09-26_Markus Kaprio Koko CRM historia pdf.pdf
Kesko vastaus 3.2.2026;2026-03-06_09-28_korjaukseen_liittyvä_viestintä.pdf;.pdf;190.72;2026-03-23 13:42:10;2026-03-23 13:42:10;C:\Users\HP\Desktop\Kesko vastaus 3.2.2026\Repair_Invoices\2026-03-06_09-28_korjaukseen_liittyvä_viestintä.pdf
Kesko vastaus 3.2.2026;2026-03-06_09-28_kysymys takuun laajuudesta.pdf;.pdf;51.03;2026-03-23 13:42:10;2026-03-23 13:42:10;C:\Users\HP\Desktop\Kesko vastaus 3.2.2026\Repair_Invoices\2026-03-06_09-28_kysymys takuun laajuudesta.pdf
Kesko vastaus 3.2.2026;2026-03-06_09-28_Markus Kaprio Koko CRM historia pdf.pdf;.pdf;6253.05;2026-03-23 13:42:10;2026-03-23 13:42:10;C:\Users\HP\Desktop\Kesko vastaus 3.2.2026\Repair_Invoices\2026-03-06_09-28_Markus Kaprio Koko CRM historia pdf.pdf
Kesko vastaus 3.2.2026;2026-03-06_10-26_korjaukseen_liittyvä_viestintä.pdf;.pdf;190.72;2026-03-23 13:42:10;2026-03-23 13:42:10;C:\Users\HP\Desktop\Kesko vastaus 3.2.2026\Repair_Invoices\2026-03-06_10-26_korjaukseen_liittyvä_viestintä.pdf
Kesko vastaus 3.2.2026;2026-03-06_10-59_korjaukseen_liittyvä_viestintä-1.pdf;.pdf;190.72;2026-03-23 13:42:11;2026-03-23 13:42:11;C:\Users\HP\Desktop\Kesko vastaus 3.2.2026\Repair_Invoices\2026-03-06_10-59_korjaukseen_liittyvä_viestintä-1.pdf
Kesko vastaus 3.2.2026;2026-03-06_10-59_korjaukseen_liittyvä_viestintä.pdf;.pdf;190.72;2026-03-23 13:42:11;2026-03-23 13:42:11;C:\Users\HP\Desktop\Kesko vastaus 3.2.2026\Repair_Invoices\2026-03-06_10-59_korjaukseen_liittyvä_viestintä.pdf
Kesko vastaus 3.2.2026;2026-03-10_10-12_AUDI RZS-139 TRAFI-tiedot.pdf;.pdf;776.24;2026-03-23 13:40:17;2026-03-23 13:40:17;C:\Users\HP\Desktop\Kesko vastaus 3.2.2026\Repair_Invoices\2026-03-10_10-12_AUDI RZS-139 TRAFI-tiedot.pdf
Kesko vastaus 3.2.2026;2026-03-12_12-54_image001.png;.png;26.52;2026-03-23 13:40:02;2026-03-23 13:40:02;C:\Users\HP\Desktop\Kesko vastaus 3.2.2026\Repair_Invoices\2026-03-12_12-54_image001.png
Kesko vastaus 3.2.2026;2026-03-12_12-54_WRD0000.jpg;.jpg;0.8;2026-03-23 13:40:02;2026-03-23 13:40:02;C:\Users\HP\Desktop\Kesko vastaus 3.2.2026\Repair_Invoices\2026-03-12_12-54_WRD0000.jpg
Kesko vastaus 3.2.2026;2026-03-12_15-24_image001.png;.png;26.52;2026-03-23 13:42:11;2026-03-23 13:42:11;C:\Users\HP\Desktop\Kesko vastaus 3.2.2026\Repair_Invoices\2026-03-12_15-24_image001.png
Kesko vastaus 3.2.2026;2026-03-12_15-24_WRD0000.jpg;.jpg;0.8;2026-03-23 13:42:11;2026-03-23 13:42:11;C:\Users\HP\Desktop\Kesko vastaus 3.2.2026\Repair_Invoices\2026-03-12_15-24_WRD0000.jpg
Kesko vastaus 3.2.2026;2026-03-12_15-38_logo.png;.png;0.59;2026-03-23 13:40:02;2026-03-23 13:40:02;C:\Users\HP\Desktop\Kesko vastaus 3.2.2026\Repair_Invoices\2026-03-12_15-38_logo.png
Kesko vastaus 3.2.2026;2026-03-12_15-44_image001.png;.png;26.52;2026-03-23 13:42:11;2026-03-23 13:42:11;C:\Users\HP\Desktop\Kesko vastaus 3.2.2026\Repair_Invoices\2026-03-12_15-44_image001.png
Kesko vastaus 3.2.2026;2026-03-12_15-44_WRD0000.jpg;.jpg;0.8;2026-03-23 13:42:11;2026-03-23 13:42:11;C:\Users\HP\Desktop\Kesko vastaus 3.2.2026\Repair_Invoices\2026-03-12_15-44_WRD0000.jpg
Kesko vastaus 3.2.2026;2026-03-12_17-12_Audi Q7 e-tron  Markus Kaprio finnland.pdf;.pdf;846.36;2026-03-23 13:40:17;2026-03-23 13:40:17;C:\Users\HP\Desktop\Kesko vastaus 3.2.2026\Repair_Invoices\2026-03-12_17-12_Audi Q7 e-tron  Markus Kaprio finnland.pdf
Kesko vastaus 3.2.2026;2026-03-17_08-00_blocked.gif;.gif;0.12;2026-03-23 13:40:02;2026-03-23 13:40:02;C:\Users\HP\Desktop\Kesko vastaus 3.2.2026\Repair_Invoices\2026-03-17_08-00_blocked.gif
Kesko vastaus 3.2.2026;2026-03-17_08-57_blocked.gif;.gif;0.12;2026-03-23 13:42:11;2026-03-23 13:42:11;C:\Users\HP\Desktop\Kesko vastaus 3.2.2026\Repair_Invoices\2026-03-17_08-57_blocked.gif
Kesko vastaus 3.2.2026;2026-03-17_10-37_blocked.gif;.gif;0.12;2026-03-23 13:42:11;2026-03-23 13:42:11;C:\Users\HP\Desktop\Kesko vastaus 3.2.2026\Repair_Invoices\2026-03-17_10-37_blocked.gif
Kesko vastaus 3.2.2026;2026-03-18_11-31_Asiakastiedot Kaprio K-Auto asiakkaat.pdf;.pdf;116.73;2026-03-23 13:42:13;2026-03-23 13:42:13;C:\Users\HP\Desktop\Kesko vastaus 3.2.2026\Repair_Invoices\2026-03-18_11-31_Asiakastiedot Kaprio K-Auto asiakkaat.pdf
Kesko vastaus 3.2.2026;2026-03-18_11-31_Asiakastiedot Kaprio K-Auto Keskitetty asiakastietokanta 3.2.2026.pdf;.pdf;254.37;2026-03-23 13:42:13;2026-03-23 13:42:13;C:\Users\HP\Desktop\Kesko vastaus 3.2.2026\Repair_Invoices\2026-03-18_11-31_Asiakastiedot Kaprio K-Auto Keskitetty asiakastietokanta 3.2.2026.pdf
Kesko vastaus 3.2.2026;2026-03-18_11-31_Asiakastiedot Kaprio K-Auto Retail asiakastietokanta.pdf;.pdf;134.66;2026-03-23 13:42:13;2026-03-23 13:42:13;C:\Users\HP\Desktop\Kesko vastaus 3.2.2026\Repair_Invoices\2026-03-18_11-31_Asiakastiedot Kaprio K-Auto Retail asiakastietokanta.pdf
Kesko vastaus 3.2.2026;2026-03-18_11-31_AUDI RZS-139 TRAFI-tiedot.pdf;.pdf;776.24;2026-03-23 13:42:13;2026-03-23 13:42:13;C:\Users\HP\Desktop\Kesko vastaus 3.2.2026\Repair_Invoices\2026-03-18_11-31_AUDI RZS-139 TRAFI-tiedot.pdf
Kesko vastaus 3.2.2026;2026-03-18_11-31_CRM-tiketit lukuohje.docx;.docx;71.47;2026-03-23 13:42:13;2026-03-23 13:42:13;C:\Users\HP\Desktop\Kesko vastaus 3.2.2026\Repair_Invoices\2026-03-18_11-31_CRM-tiketit lukuohje.docx
Kesko vastaus 3.2.2026;2026-03-18_11-31_Henkilötietojasi koskeva toimenpidepyyntö on käsitelty-tietosuojapalvelukesko.fi.txt;.txt;1.78;2026-03-23 13:42:13;2026-03-23 13:42:13;C:\Users\HP\Desktop\Kesko vastaus 3.2.2026\Repair_Invoices\2026-03-18_11-31_Henkilötietojasi koskeva toimenpidepyyntö on käsitelty-tietosuojapalvelukesko.fi.txt
Kesko vastaus 3.2.2026;2026-03-18_11-31_Huoltohistoria Excel.xlsx;.xlsx;33.46;2026-03-23 13:42:13;2026-03-23 13:42:13;C:\Users\HP\Desktop\Kesko vastaus 3.2.2026\Repair_Invoices\2026-03-18_11-31_Huoltohistoria Excel.xlsx
Kesko vastaus 3.2.2026;2026-03-18_11-31_K Auto Retail Oy asiakasrekisteri tietosuojaseloste.pdf;.pdf;240.77;2026-03-23 13:42:13;2026-03-23 13:42:13;C:\Users\HP\Desktop\Kesko vastaus 3.2.2026\Repair_Invoices\2026-03-18_11-31_K Auto Retail Oy asiakasrekisteri tietosuojaseloste.pdf
Kesko vastaus 3.2.2026;2026-03-18_11-31_K-Auto Asiakasrekisteri tietosuojaseloste.pdf;.pdf;223.53;2026-03-23 13:42:13;2026-03-23 13:42:13;C:\Users\HP\Desktop\Kesko vastaus 3.2.2026\Repair_Invoices\2026-03-18_11-31_K-Auto Asiakasrekisteri tietosuojaseloste.pdf
Kesko vastaus 3.2.2026;2026-03-18_11-31_K-Auto keskitetty asiakastietokanta tietosuojaseloste.pdf;.pdf;174.42;2026-03-23 13:42:13;2026-03-23 13:42:13;C:\Users\HP\Desktop\Kesko vastaus 3.2.2026\Repair_Invoices\2026-03-18_11-31_K-Auto keskitetty asiakastietokanta tietosuojaseloste.pdf
Kesko vastaus 3.2.2026;2026-03-18_11-31_korjaukseen liittyvä viestintä.pdf;.pdf;190.72;2026-03-23 13:42:13;2026-03-23 13:42:13;C:\Users\HP\Desktop\Kesko vastaus 3.2.2026\Repair_Invoices\2026-03-18_11-31_korjaukseen liittyvä viestintä.pdf
Kesko vastaus 3.2.2026;2026-03-18_11-31_Kuva 1 korjauskustannus 45 000 1.3.2023 huollosta.png;.png;45.57;2026-03-23 13:42:13;2026-03-23 13:42:13;C:\Users\HP\Desktop\Kesko vastaus 3.2.2026\Repair_Invoices\2026-03-18_11-31_Kuva 1 korjauskustannus 45 000 1.3.2023 huollosta.png
Kesko vastaus 3.2.2026;2026-03-18_11-31_Kuva korjaamokeskustelusta.png;.png;1066.54;2026-03-23 13:42:13;2026-03-23 13:42:13;C:\Users\HP\Desktop\Kesko vastaus 3.2.2026\Repair_Invoices\2026-03-18_11-31_Kuva korjaamokeskustelusta.png
Kesko vastaus 3.2.2026;2026-03-18_11-31_kysymys takuun laajuudesta.pdf;.pdf;51.03;2026-03-23 13:42:13;2026-03-23 13:42:13;C:\Users\HP\Desktop\Kesko vastaus 3.2.2026\Repair_Invoices\2026-03-18_11-31_kysymys takuun laajuudesta.pdf
Kesko vastaus 3.2.2026;2026-03-18_11-31_Markus Kaprio Koko CRM historia pdf.pdf;.pdf;6261.14;2026-03-23 13:42:13;2026-03-23 13:42:13;C:\Users\HP\Desktop\Kesko vastaus 3.2.2026\Repair_Invoices\2026-03-18_11-31_Markus Kaprio Koko CRM historia pdf.pdf
Kesko vastaus 3.2.2026;2026-03-18_11-31_PÖRHÖ ja testeri-mittaus 5.2.2025.jpg;.jpg;242.23;2026-03-23 13:42:13;2026-03-23 13:42:13;C:\Users\HP\Desktop\Kesko vastaus 3.2.2026\Repair_Invoices\2026-03-18_11-31_PÖRHÖ ja testeri-mittaus 5.2.2025.jpg
Kesko vastaus 3.2.2026;2026-03-18_11-31_Tietosuojaportaalin tietosuojaseloste.pdf;.pdf;163.56;2026-03-23 13:42:13;2026-03-23 13:42:13;C:\Users\HP\Desktop\Kesko vastaus 3.2.2026\Repair_Invoices\2026-03-18_11-31_Tietosuojaportaalin tietosuojaseloste.pdf
Kesko vastaus 3.2.2026;2026-03-18_11-48_blocked.gif;.gif;0.12;2026-03-23 13:42:13;2026-03-23 13:42:13;C:\Users\HP\Desktop\Kesko vastaus 3.2.2026\Repair_Invoices\2026-03-18_11-48_blocked.gif
Kesko vastaus 3.2.2026;2026-03-18_12-32_blocked.gif;.gif;0.12;2026-03-23 13:42:13;2026-03-23 13:42:13;C:\Users\HP\Desktop\Kesko vastaus 3.2.2026\Repair_Invoices\2026-03-18_12-32_blocked.gif
Kesko vastaus 3.2.2026;2026-03-18_12-45_PV - WAUZZZ4M4JD052978.pdf;.pdf;796.68;2026-03-23 13:40:02;2026-03-23 13:40:02;C:\Users\HP\Desktop\Kesko vastaus 3.2.2026\Repair_Invoices\2026-03-18_12-45_PV - WAUZZZ4M4JD052978.pdf
Kesko vastaus 3.2.2026;2026-03-18_15-15_Audi Q7 e-tron  Markus Kaprio finnland.pdf;.pdf;846.36;2026-03-23 13:42:14;2026-03-23 13:42:14;C:\Users\HP\Desktop\Kesko vastaus 3.2.2026\Repair_Invoices\2026-03-18_15-15_Audi Q7 e-tron  Markus Kaprio finnland.pdf
Kesko vastaus 3.2.2026;2026-03-18_15-15_blocked.gif;.gif;0.12;2026-03-23 13:42:14;2026-03-23 13:42:14;C:\Users\HP\Desktop\Kesko vastaus 3.2.2026\Repair_Invoices\2026-03-18_15-15_blocked.gif
Kesko vastaus 3.2.2026;2026-03-18_15-15_PV - WAUZZZ4M4JD052978.pdf;.pdf;796.68;2026-03-23 13:42:14;2026-03-23 13:42:14;C:\Users\HP\Desktop\Kesko vastaus 3.2.2026\Repair_Invoices\2026-03-18_15-15_PV - WAUZZZ4M4JD052978.pdf
Kesko vastaus 3.2.2026;2026-03-18_15-57_korjaukseen liittyvä viestintä.pdf;.pdf;190.72;2026-03-23 13:42:14;2026-03-23 13:42:14;C:\Users\HP\Desktop\Kesko vastaus 3.2.2026\Repair_Invoices\2026-03-18_15-57_korjaukseen liittyvä viestintä.pdf
Kesko vastaus 3.2.2026;2026-03-18_15-57_PV - WAUZZZ4M4JD052978.pdf;.pdf;796.68;2026-03-23 13:42:14;2026-03-23 13:42:14;C:\Users\HP\Desktop\Kesko vastaus 3.2.2026\Repair_Invoices\2026-03-18_15-57_PV - WAUZZZ4M4JD052978.pdf
Kesko vastaus 3.2.2026;2026-03-18_15-57_PÖRHÖ ja testeri-mittaus 5.2.2025.jpg;.jpg;242.23;2026-03-23 13:42:14;2026-03-23 13:42:14;C:\Users\HP\Desktop\Kesko vastaus 3.2.2026\Repair_Invoices\2026-03-18_15-57_PÖRHÖ ja testeri-mittaus 5.2.2025.jpg
Kesko vastaus 3.2.2026;2026-03-18_16-44_blocked.gif;.gif;0.12;2026-03-23 13:42:14;2026-03-23 13:42:14;C:\Users\HP\Desktop\Kesko vastaus 3.2.2026\Repair_Invoices\2026-03-18_16-44_blocked.gif
Kesko vastaus 3.2.2026;2026-03-20_13-41_image001.png;.png;4.44;2026-03-23 13:40:03;2026-03-23 13:40:03;C:\Users\HP\Desktop\Kesko vastaus 3.2.2026\Repair_Invoices\2026-03-20_13-41_image001.png
Kesko vastaus 3.2.2026;2026-03-20_16-00_image001.png;.png;4.44;2026-03-23 13:42:14;2026-03-23 13:42:14;C:\Users\HP\Desktop\Kesko vastaus 3.2.2026\Repair_Invoices\2026-03-20_16-00_image001.png
Kesko vastaus 3.2.2026;2026-03-22_19-26_AUDI 15.2.2025 ja vikailmoitus.jpg;.jpg;104.43;2026-03-23 13:42:14;2026-03-23 13:42:14;C:\Users\HP\Desktop\Kesko vastaus 3.2.2026\Repair_Invoices\2026-03-22_19-26_AUDI 15.2.2025 ja vikailmoitus.jpg
Kesko vastaus 3.2.2026;2026-03-22_19-26_AUDI RZS-139 TRAFI-tiedot.pdf;.pdf;776.24;2026-03-23 13:42:14;2026-03-23 13:42:14;C:\Users\HP\Desktop\Kesko vastaus 3.2.2026\Repair_Invoices\2026-03-22_19-26_AUDI RZS-139 TRAFI-tiedot.pdf
Kesko vastaus 3.2.2026;2026-03-22_19-26_image001.png;.png;4.44;2026-03-23 13:42:14;2026-03-23 13:42:14;C:\Users\HP\Desktop\Kesko vastaus 3.2.2026\Repair_Invoices\2026-03-22_19-26_image001.png
Kesko vastaus 3.2.2026;2026-03-22_19-26_Kauppakirja Ramis Auto.pdf;.pdf;114.46;2026-03-23 13:42:14;2026-03-23 13:42:14;C:\Users\HP\Desktop\Kesko vastaus 3.2.2026\Repair_Invoices\2026-03-22_19-26_Kauppakirja Ramis Auto.pdf
Kesko vastaus 3.2.2026;2026-03-22_19-26_Porho_Tietopyynto_Vastaus.pdf;.pdf;2.99;2026-03-23 13:42:14;2026-03-23 13:42:14;C:\Users\HP\Desktop\Kesko vastaus 3.2.2026\Repair_Invoices\2026-03-22_19-26_Porho_Tietopyynto_Vastaus.pdf
Kesko vastaus 3.2.2026;2026-03-22_19-26_PÖRHÖ ja testeri-mittaus 5.2.2025.jpg;.jpg;242.23;2026-03-23 13:42:14;2026-03-23 13:42:14;C:\Users\HP\Desktop\Kesko vastaus 3.2.2026\Repair_Invoices\2026-03-22_19-26_PÖRHÖ ja testeri-mittaus 5.2.2025.jpg
Kesko vastaus 3.2.2026;2026-03-22_19-26_PÖRHÖ Tietopyyntö 27 Hel.pdf;.pdf;42.13;2026-03-23 13:42:14;2026-03-23 13:42:14;C:\Users\HP\Desktop\Kesko vastaus 3.2.2026\Repair_Invoices\2026-03-22_19-26_PÖRHÖ Tietopyyntö 27 Hel.pdf
Kesko vastaus 3.2.2026;2026-03-22_19-26_Riitta Pörhö ja Pörhö harhautusviesti.png;.png;175.98;2026-03-23 13:42:14;2026-03-23 13:42:14;C:\Users\HP\Desktop\Kesko vastaus 3.2.2026\Repair_Invoices\2026-03-22_19-26_Riitta Pörhö ja Pörhö harhautusviesti.png
Kesko vastaus 3.2.2026;2026-03-22_19-26_siirtopyyntö ajoneuvo Pörhö ja Ari Palosaari.pdf;.pdf;24.17;2026-03-23 13:42:14;2026-03-23 13:42:14;C:\Users\HP\Desktop\Kesko vastaus 3.2.2026\Repair_Invoices\2026-03-22_19-26_siirtopyyntö ajoneuvo Pörhö ja Ari Palosaari.pdf
Kesko vastaus 3.2.2026;2026-03-22_19-46_AUDI RZS-139 TRAFI-tiedot.pdf;.pdf;776.24;2026-03-23 13:42:14;2026-03-23 13:42:14;C:\Users\HP\Desktop\Kesko vastaus 3.2.2026\Repair_Invoices\2026-03-22_19-46_AUDI RZS-139 TRAFI-tiedot.pdf
Kesko vastaus 3.2.2026;2026-03-22_19-46_Kesko ja Harri Spolander viimeinen varoitusviesti.png;.png;261.63;2026-03-23 13:42:14;2026-03-23 13:42:14;C:\Users\HP\Desktop\Kesko vastaus 3.2.2026\Repair_Invoices\2026-03-22_19-46_Kesko ja Harri Spolander viimeinen varoitusviesti.png
Kesko vastaus 3.2.2026;2026-03-22_20-15_AUDI AG ja tiedonluovutus Suomeen.png;.png;182.95;2026-03-23 13:42:15;2026-03-23 13:42:15;C:\Users\HP\Desktop\Kesko vastaus 3.2.2026\Repair_Invoices\2026-03-22_20-15_AUDI AG ja tiedonluovutus Suomeen.png
K-Auto ja 12.3.2026 tiedot;.~lock.Huoltohistoria Excel.xlsx#;.xlsx#;0.1;2026-03-20 16:39:40;2026-03-20 16:39:40;C:\Users\HP\Desktop\K-Auto ja 12.3.2026 tiedot\.~lock.Huoltohistoria Excel.xlsx#
K-Auto ja 12.3.2026 tiedot;Asiakastiedot Kaprio K-Auto asiakkaat.pdf;.pdf;116.73;2026-03-12 15:45:41;2026-03-12 15:45:42;C:\Users\HP\Desktop\K-Auto ja 12.3.2026 tiedot\Asiakastiedot Kaprio K-Auto asiakkaat.pdf
K-Auto ja 12.3.2026 tiedot;Asiakastiedot Kaprio K-Auto Keskitetty asiakastietokanta 3.2.2026.pdf;.pdf;254.37;2026-03-12 15:45:55;2026-03-12 15:45:56;C:\Users\HP\Desktop\K-Auto ja 12.3.2026 tiedot\Asiakastiedot Kaprio K-Auto Keskitetty asiakastietokanta 3.2.2026.pdf
K-Auto ja 12.3.2026 tiedot;Asiakastiedot Kaprio K-Auto Retail asiakastietokanta.pdf;.pdf;134.66;2026-03-12 15:46:05;2026-03-12 15:46:06;C:\Users\HP\Desktop\K-Auto ja 12.3.2026 tiedot\Asiakastiedot Kaprio K-Auto Retail asiakastietokanta.pdf
K-Auto ja 12.3.2026 tiedot;CRM-tiketit, lukuohje.docx;.docx;71.47;2026-03-12 15:47:59;2026-03-12 15:48:00;C:\Users\HP\Desktop\K-Auto ja 12.3.2026 tiedot\CRM-tiketit, lukuohje.docx
K-Auto ja 12.3.2026 tiedot;Henkilötietojasi koskeva toimenpidepyyntö on käsitelty-tietosuojapalvelu@kesko.fi.txt;.txt;1.78;2026-03-12 15:48:37;2026-03-12 15:48:38;C:\Users\HP\Desktop\K-Auto ja 12.3.2026 tiedot\Henkilötietojasi koskeva toimenpidepyyntö on käsitelty-tietosuojapalvelu@kesko.fi.txt
K-Auto ja 12.3.2026 tiedot;Huoltohistoria Excel.xlsx;.xlsx;33.46;2026-03-12 15:46:19;2026-03-12 15:46:20;C:\Users\HP\Desktop\K-Auto ja 12.3.2026 tiedot\Huoltohistoria Excel.xlsx
K-Auto ja 12.3.2026 tiedot;K Auto Retail Oy asiakasrekisteri tietosuojaseloste.pdf;.pdf;240.77;2026-03-12 15:47:04;2026-03-12 15:47:04;C:\Users\HP\Desktop\K-Auto ja 12.3.2026 tiedot\K Auto Retail Oy asiakasrekisteri tietosuojaseloste.pdf
K-Auto ja 12.3.2026 tiedot;K-Auto Asiakasrekisteri tietosuojaseloste.pdf;.pdf;223.53;2026-03-12 15:46:35;2026-03-12 15:46:35;C:\Users\HP\Desktop\K-Auto ja 12.3.2026 tiedot\K-Auto Asiakasrekisteri tietosuojaseloste.pdf
K-Auto ja 12.3.2026 tiedot;K-Auto keskitetty asiakastietokanta tietosuojaseloste.pdf;.pdf;174.42;2026-03-12 15:46:48;2026-03-12 15:46:49;C:\Users\HP\Desktop\K-Auto ja 12.3.2026 tiedot\K-Auto keskitetty asiakastietokanta tietosuojaseloste.pdf
K-Auto ja 12.3.2026 tiedot;korjaukseen liittyvä viestintä.pdf;.pdf;190.72;2026-03-12 15:47:38;2026-03-12 15:47:38;C:\Users\HP\Desktop\K-Auto ja 12.3.2026 tiedot\korjaukseen liittyvä viestintä.pdf
K-Auto ja 12.3.2026 tiedot;Kuva korjaamokeskustelusta.png;.png;1066.54;2026-03-12 16:17:16;2026-03-12 16:17:18;C:\Users\HP\Desktop\K-Auto ja 12.3.2026 tiedot\Kuva korjaamokeskustelusta.png
K-Auto ja 12.3.2026 tiedot;kysymys takuun laajuudesta.pdf;.pdf;51.03;2026-03-12 15:47:47;2026-03-12 15:47:48;C:\Users\HP\Desktop\K-Auto ja 12.3.2026 tiedot\kysymys takuun laajuudesta.pdf
K-Auto ja 12.3.2026 tiedot;Markus Kaprio Koko CRM historia pdf.pdf;.pdf;6261.14;2026-03-12 15:47:24;2026-03-12 15:47:25;C:\Users\HP\Desktop\K-Auto ja 12.3.2026 tiedot\Markus Kaprio Koko CRM historia pdf.pdf
K-Auto ja 12.3.2026 tiedot;siirtopyyntö ajoneuvo Pörhö ja Ari Palosaari.pdf;.pdf;24.17;2026-03-22 19:01:31;2026-03-22 19:01:34;C:\Users\HP\Desktop\K-Auto ja 12.3.2026 tiedot\siirtopyyntö ajoneuvo Pörhö ja Ari Palosaari.pdf
K-Auto ja 12.3.2026 tiedot;Tietosuojaportaalin tietosuojaseloste.pdf;.pdf;163.56;2026-03-12 15:47:14;2026-03-12 15:47:14;C:\Users\HP\Desktop\K-Auto ja 12.3.2026 tiedot\Tietosuojaportaalin tietosuojaseloste.pdf
K-Auto ja 12.3.2026 tiedot;Vastaus Pörhö Autoliike Oy 27.2.2025.pdf;.pdf;31.22;2026-03-22 18:44:48;2026-03-22 18:44:50;C:\Users\HP\Desktop\K-Auto ja 12.3.2026 tiedot\Vastaus Pörhö Autoliike Oy 27.2.2025.pdf
